,global_mean_beta,global_var_beta,frac_hypermethylated,frac_hypomethylated,methylation_entropy,cimp_score,cimp_high
TCGA-RD-A8N0-01A,0.5030301213264465,0.13148748874664307,0.41940793009628957,0.3795759053872963,2.9979882977492975,0.24406498670578003,0
TCGA-D7-A6EZ-01A,0.5954952836036682,0.12005273252725601,0.5103119824970688,0.2560504780669415,2.8942572968803124,0.4726284444332123,1
TCGA-BR-A4IZ-01A,0.49821558594703674,0.1288546472787857,0.4069643780550867,0.37098387206931205,3.0175033183491795,0.28903621435165405,0
TCGA-D7-6820-01A,0.45222100615501404,0.12224947661161423,0.32647188385811693,0.4057927296406956,3.030069602756867,0.2240133285522461,0
TCGA-B7-A5TI-01A,0.46899351477622986,0.1259024739265442,0.3549451978271757,0.3918331278653157,3.0196851413268364,0.3141239583492279,1
TCGA-BR-A453-01A,0.5079531073570251,0.12727421522140503,0.41244825920028183,0.3595708875734011,3.0351347355620186,0.2916601002216339,0
TCGA-BR-8592-01A,0.5117860436439514,0.12087031453847885,0.40043121891052685,0.3374957272516487,3.0795199064020475,0.31078124046325684,1
TCGA-D7-6520-01A,0.4377923905849457,0.1247454434633255,0.3215078582215771,0.43504269947840307,3.004217777571472,0.19493655860424042,0
TCGA-B7-A5TN-01A,0.44184255599975586,0.1227920725941658,0.31608719680687747,0.42317224439668405,3.0225098477638603,0.36034855246543884,1
TCGA-D7-6524-01A,0.4850669205188751,0.11616052687168121,0.3553964884645677,0.3532257909599093,3.1121091556404603,0.29545673727989197,0
TCGA-HU-A4HD-01A,0.47258424758911133,0.1311360001564026,0.3761611634070214,0.39939806677293876,2.9582522432873,0.332099050283432,1
TCGA-CD-A48A-01A,0.5199577212333679,0.13565196096897125,0.4478361928496118,0.37155180676698935,2.9255906143159436,0.41823282837867737,1
TCGA-BR-A4IY-01A,0.5205540657043457,0.11775088310241699,0.4006977391857886,0.30661981917464864,3.0472454162342104,0.3434036672115326,1
TCGA-BR-8286-01A,0.48098012804985046,0.12347132712602615,0.3529067070342066,0.37020289571990134,3.0488423991970106,0.41935649514198303,1
TCGA-BR-8589-01A,0.5986097455024719,0.11802880465984344,0.4924674379231154,0.2468204230495681,2.894054837832691,0.4329896569252014,1
TCGA-D7-A6EV-01A,0.47706571221351624,0.1241127997636795,0.3547404027575757,0.37695447668954934,3.0293076825346574,0.36723941564559937,1
TCGA-VQ-AA6A-01A,0.4143913984298706,0.11773204058408737,0.2942533351617137,0.4740361823417635,3.0411603439202,0.274105966091156,0
TCGA-HU-8244-01A,0.46433454751968384,0.1444808393716812,0.3891232937064122,0.45586209734618244,2.8224495715651106,0.37620142102241516,1
TCGA-VQ-A8DV-01A,0.4181051552295685,0.12072350829839706,0.29552037690011457,0.45504148163447966,2.9911956512501185,0.2753540575504303,0
TCGA-VQ-A91U-01A,0.42066553235054016,0.12067446112632751,0.29981570071968006,0.46347691571330235,3.0276641676373774,0.24590852856636047,0
TCGA-BR-8369-01A,0.4823428988456726,0.11714110523462296,0.3430447954034914,0.35369428715454,3.087269058412733,0.3458406627178192,1
TCGA-FP-7916-01A,0.531116247177124,0.10886481404304504,0.3917807295529634,0.2808716298872054,3.1204111255559126,0.356428861618042,1
TCGA-HU-A4H5-01A,0.38946646451950073,0.11626644432544708,0.2593661065845386,0.48599534780970205,2.9691704275822888,0.24892884492874146,0
TCGA-HU-A4GX-01A,0.5279638171195984,0.13234572112560272,0.4496233209896038,0.34180245618145794,2.945144793833849,0.38910818099975586,1
TCGA-VQ-A94T-01A,0.4865114390850067,0.1407567411661148,0.41360737591457386,0.4169937710104805,2.878558915445624,0.32116854190826416,1
TCGA-BR-4183-11A,0.26687589287757874,0.10318508744239807,0.1679498942833207,0.668807595643675,2.451974334288631,0.3037518858909607,1
TCGA-FP-A8CX-01A,0.4522738754749298,0.11069470643997192,0.30069399574030203,0.3860458994424103,3.106679085186377,0.3025340735912323,1
TCGA-B7-A5TK-01A,0.5437703728675842,0.11916125565767288,0.4467641571884215,0.29104411145212733,3.056308701791468,0.32113611698150635,1
TCGA-EQ-5647-01A,0.47749096155166626,0.12436124682426453,0.37612438660955994,0.3993025487396728,3.0499389831972405,0.3973877727985382,1
TCGA-VQ-A91K-01A,0.5239017605781555,0.1343790739774704,0.43255276148498073,0.35819748681889385,2.936015469983425,0.5952123999595642,1
TCGA-HU-A4GU-01A,0.533801257610321,0.13965138792991638,0.4857025415118777,0.35370472342218673,2.846229572100636,0.5868064165115356,1
TCGA-HU-A4H8-01A,0.44866424798965454,0.11812859028577805,0.32005835306687486,0.41080096775684855,3.102315666692705,0.5927779674530029,1
TCGA-CD-8527-01A,0.503211498260498,0.13881514966487885,0.4327255205170629,0.386398334148722,2.8916101974380775,0.3229013979434967,1
TCGA-CG-4437-01A,0.51128089427948,0.1193237453699112,0.39049512325480723,0.32966217082272253,3.066084032856768,0.34006285667419434,1
TCGA-BR-8380-01A,0.4921221435070038,0.11745666712522507,0.3613873703688494,0.3431369470218353,3.0851073514781535,0.3464478850364685,1
TCGA-BR-A44U-01A,0.4879000186920166,0.12228236347436905,0.36034910036396484,0.3632813713564681,3.049398986934978,0.367829293012619,1
TCGA-CD-A486-01A,0.4468429386615753,0.12129471451044083,0.33311141232763203,0.4241916247970381,3.030989150403579,0.26102322340011597,0
TCGA-BR-8080-01A,0.47884681820869446,0.11802741885185242,0.34782598084676436,0.36504388062906956,3.0848240599595376,0.31367501616477966,1
TCGA-BR-A452-01A,0.4747009575366974,0.13076868653297424,0.3684618213016301,0.3927319524451526,2.9810219011855876,0.2760998010635376,0
TCGA-BR-A4QL-01A,0.5121966004371643,0.13776536285877228,0.4437063150816131,0.3751834002404581,2.9203875045294403,0.582716703414917,1
TCGA-BR-7717-01A,0.4487855136394501,0.11085791885852814,0.29258494308174127,0.3843659368711606,3.1132379573387343,0.2851932942867279,0
TCGA-F1-A72C-01A,0.47995099425315857,0.1273762434720993,0.3890716883390683,0.3929794971802035,3.0023984046241554,0.2686518728733063,0
TCGA-BR-8059-01A,0.46699556708335876,0.11619168519973755,0.3241309809032614,0.3734729028835276,3.074444260866167,0.363313227891922,1
TCGA-BR-8367-01A,0.49103373289108276,0.12139448523521423,0.36319132237811025,0.35146984729865904,3.0458495459363397,0.4280973970890045,1
TCGA-IN-A6RL-01A,0.4243162274360657,0.10930182039737701,0.27856579288996663,0.4226217334203833,3.0952353967523454,0.38017433881759644,1
TCGA-D7-A748-01A,0.4835486114025116,0.12611065804958344,0.38771942584980096,0.38656821607630587,3.0211666594669415,0.2652391195297241,0
TCGA-BR-6452-01A,0.5037626028060913,0.10725386440753937,0.3484940353308599,0.31191923274961864,3.1674963296067316,0.4732477366924286,1
TCGA-BR-4362-11A,0.3004685938358307,0.09871205687522888,0.1579284912618246,0.5834535834535834,2.6816199390164073,0.33873701095581055,1
TCGA-HU-A4GD-01A,0.4884033799171448,0.1380498707294464,0.4108002345898722,0.3996673272933182,2.929229353415974,0.3366358280181885,1
TCGA-BR-4191-01A,0.25416240096092224,0.08935452252626419,0.1266150901260169,0.658278832349657,2.4320062740836152,0.24006350338459015,0
TCGA-BR-6802-01A,0.4937736988067627,0.11874066293239594,0.36054565781023284,0.3480792559644157,3.0868339734778574,0.35685276985168457,1
TCGA-CG-5719-01A,0.490451842546463,0.12281595170497894,0.3971885848900645,0.37750557943461727,3.039685286379764,0.32514962553977966,1
TCGA-BR-8078-01A,0.5237907767295837,0.12072687596082687,0.39921115718939315,0.3157692805841542,3.0497214996404916,0.4457348585128784,1
TCGA-BR-8364-01A,0.4912084639072418,0.13081732392311096,0.3980637676136008,0.38262975212181605,2.986155379074873,0.2665124833583832,0
TCGA-D7-6522-01A,0.49571511149406433,0.12558947503566742,0.40536322089643567,0.3829284266483096,3.0571874736468585,0.2936956286430359,0
TCGA-3M-AB46-01A,0.4443328082561493,0.1274886578321457,0.3410797680769383,0.4426648395139906,2.987318968184361,0.22294123470783234,0
TCGA-CD-5799-01A,0.42809876799583435,0.11468508839607239,0.3039418028863132,0.4442787748471698,3.067148096031425,0.2666853964328766,0
TCGA-IN-A6RO-01A,0.5240698456764221,0.1421642303466797,0.4871986238872119,0.3785332539291036,2.793253080900494,0.35559308528900146,1
TCGA-VQ-A8P5-01A,0.47874554991722107,0.12653809785842896,0.36317340740633014,0.3763882627264486,3.0029390407097654,0.29529690742492676,0
TCGA-IP-7968-01A,0.49181023240089417,0.13170869648456573,0.3994594230639747,0.38831122610928887,2.9738418988369903,0.32525601983070374,1
TCGA-BR-6565-01A,0.4328814744949341,0.11462054401636124,0.291295571474288,0.4202053024148881,3.0738890753842307,0.2203672230243683,0
TCGA-HU-A4G6-01A,0.6207063794136047,0.13336510956287384,0.5978728045468383,0.2740759740057387,2.6716907582521663,0.48933154344558716,1
TCGA-BR-4294-11A,0.27799472212791443,0.09852414578199387,0.1577854947511276,0.6321797788687982,2.5516352861275657,0.2790086269378662,0
TCGA-D7-6528-01A,0.42908400297164917,0.11833123862743378,0.29504772754733916,0.43994417196219276,3.0575591076598103,0.30783915519714355,1
TCGA-HU-A4GT-01A,0.4966379702091217,0.12959079444408417,0.4107458025400927,0.3775247066482882,3.0086614753621936,0.4540083110332489,1
TCGA-BR-4257-01A,0.2759232223033905,0.09804605692625046,0.15035119405980332,0.6325105358217941,2.4928025094582047,0.347380667924881,1
TCGA-BR-6705-01A,0.5086950659751892,0.12068349123001099,0.4001465877884757,0.34295117389214375,3.093559580040956,0.34783321619033813,1
TCGA-B7-5816-01A,0.4926115870475769,0.10968657582998276,0.3541232251329971,0.3351804107504433,3.1333933915626613,0.41081592440605164,1
TCGA-VQ-A8PU-01A,0.49107682704925537,0.14264842867851257,0.41995324691994956,0.4154087685475689,2.8587522187663787,0.30166327953338623,1
TCGA-D7-5579-01A,0.45892956852912903,0.11296854168176651,0.32776738197205163,0.3942413778097474,3.1011889110889235,0.2701732814311981,0
TCGA-BR-8384-01A,0.5009155869483948,0.1250900775194168,0.39854262361121373,0.3603109260323083,3.047732189927049,0.32727062702178955,1
TCGA-BR-8360-01A,0.5324406623840332,0.13198015093803406,0.4325352498322014,0.32901135700041434,2.9190996674017646,0.45617905259132385,1
TCGA-BR-4279-01A,0.2778075039386749,0.10671896487474442,0.17392002569455597,0.6450537979765537,2.4133591242858943,0.2598775327205658,0
TCGA-CG-4477-01A,0.29028651118278503,0.11284638941287994,0.1920595731124562,0.6294600191143677,2.439260308892502,0.2776743471622467,0
TCGA-BR-6454-01A,0.4966001808643341,0.13142912089824677,0.3960433588724389,0.3713995621867619,2.9717566035867273,0.25354471802711487,0
TCGA-BR-8060-01A,0.3817274868488312,0.10151053220033646,0.2239722304575551,0.46872714695127976,3.044682971811099,0.25019222497940063,0
TCGA-BR-A4CR-01A,0.465483695268631,0.14087559282779694,0.3849802106714014,0.4489617182975913,2.8689826025748117,0.3948759436607361,1
TCGA-CD-A48C-01A,0.46725860238075256,0.1267097145318985,0.3551187948543046,0.4091000797409859,3.0435254250176422,0.46010419726371765,1
TCGA-VQ-A91E-01A,0.4851498007774353,0.11589964479207993,0.35338217754302265,0.35039917424147016,3.1017903890097913,0.3381707966327667,1
TCGA-BR-8365-01A,0.4995856285095215,0.12525859475135803,0.39555123652187585,0.3686104700045493,3.0456312874360765,0.2939853072166443,0
TCGA-VQ-AA68-01A,0.48787620663642883,0.12341445684432983,0.3706745314152376,0.36706522032500977,3.0485180160258007,0.4317164421081543,1
TCGA-BR-7715-01A,0.47672760486602783,0.12254079431295395,0.36533559272084287,0.3875979272575456,3.0602795601608883,0.3433278203010559,1
TCGA-HU-8245-01A,0.43265023827552795,0.11616948992013931,0.288278291076641,0.417549996381444,3.0331243773691914,0.280270516872406,0
TCGA-HU-A4GC-01A,0.4818522334098816,0.12434008717536926,0.36791701962671114,0.3765416143091495,3.052148063400746,0.4205290377140045,1
TCGA-BR-6453-01A,0.5158697962760925,0.125954732298851,0.4192635788632254,0.34325228190391804,3.0354364855651315,0.3542463481426239,1
TCGA-CG-4474-01A,0.28896600008010864,0.09522344172000885,0.13720040281973817,0.5932326283987915,2.5905398789941683,0.28147223591804504,0
TCGA-BR-4292-11A,0.27660778164863586,0.0992821529507637,0.15872889455240521,0.6375836253583944,2.5330514618069038,0.2387697994709015,0
TCGA-CD-A487-01A,0.4846692383289337,0.12405034899711609,0.357102709454266,0.37411126056879324,3.019009343749095,0.34911736845970154,1
TCGA-R5-A7ZI-01A,0.49476632475852966,0.12526363134384155,0.3905532971777284,0.3634948046530129,3.0141104812341006,0.34700971841812134,1
TCGA-CG-5734-01A,0.4711143970489502,0.11831232905387878,0.3573924151738839,0.38755134264487684,3.072979817980763,0.32540732622146606,1
TCGA-R5-A7ZE-01B,0.442080020904541,0.118480384349823,0.3159606898047405,0.41819351474376,3.0513884913499756,0.3978479206562042,1
TCGA-BR-6801-01A,0.4992753565311432,0.13537494838237762,0.4074177329806753,0.3839349965449043,2.9443691999028565,0.37171992659568787,1
TCGA-BR-7851-01A,0.5291582942008972,0.1202276349067688,0.4163455284947437,0.31789038915151574,3.0466348133966914,0.5462344884872437,1
TCGA-BR-4371-11A,0.2799641191959381,0.09633779525756836,0.14949698189134808,0.6198792756539235,2.564406426625459,0.33679041266441345,1
TCGA-BR-8485-01A,0.4576849639415741,0.11357904225587845,0.3156079416453311,0.38697647456644607,3.110686268626545,0.3351615369319916,1
TCGA-BR-8484-01A,0.47039639949798584,0.12121865153312683,0.3381708520352887,0.384397732549141,3.0673131592972958,0.3091260492801666,1
TCGA-BR-A4QM-01A,0.5002270340919495,0.12185893207788467,0.375286199273646,0.3411791410074214,3.045793717133534,0.5291842222213745,1
TCGA-HU-A4H2-01A,0.4208703637123108,0.10299748927354813,0.24943825342361764,0.400884624338303,3.109219288961521,0.39132124185562134,1
TCGA-BR-A4PF-01A,0.5055100321769714,0.13040921092033386,0.3995495958135958,0.35147809227023247,2.9597981096096007,0.32636913657188416,1
TCGA-VQ-A91Q-01A,0.513261079788208,0.13731887936592102,0.4434902683124552,0.37193862752340884,2.875614848695395,0.2905486226081848,0
TCGA-IN-A6RS-01A,0.5011666417121887,0.12557674944400787,0.40086002248456953,0.35727095382299184,2.997535246175398,0.3761213421821594,1
TCGA-BR-8382-01A,0.5056326985359192,0.11491472274065018,0.3580202942547419,0.32574549713753004,3.079203008511028,0.4465698003768921,1
TCGA-VQ-A8P8-01A,0.49950987100601196,0.11527296900749207,0.3698722536971212,0.33189775443108616,3.1081172277719955,0.3020162284374237,1
TCGA-D7-A747-01A,0.4704694151878357,0.12375142425298691,0.37384766962583155,0.4017912834051697,3.027367041148416,0.3392552137374878,1
TCGA-EQ-A4SO-01A,0.4898672103881836,0.1521565318107605,0.4403813000709867,0.42463746070378255,2.7231719317084426,0.330734521150589,1
TCGA-BR-A4J7-01A,0.5029894709587097,0.13151580095291138,0.41272296165802047,0.36268429704663824,2.9734820624795124,0.3109321594238281,1
TCGA-FP-8099-01A,0.45425552129745483,0.1230059340596199,0.33163576015935675,0.40990447814789027,3.0493718735844357,0.4214990735054016,1
TCGA-VQ-A8E0-01A,0.5088779926300049,0.1431625932455063,0.43410782578076856,0.37906278426040946,2.8103239919441414,0.2509564161300659,0
TCGA-IN-A6RR-01A,0.47755882143974304,0.12789911031723022,0.38650717128246936,0.4030550786894413,3.0045621513787224,0.5223957300186157,1
TCGA-VQ-A924-01A,0.5057939291000366,0.11791625618934631,0.3815830042867231,0.329219836288951,3.0754495718196058,0.4469197392463684,1
TCGA-R5-A804-01A,0.4941864311695099,0.11669756472110748,0.36086112792731573,0.3427594474500918,3.099395152708998,0.3638363480567932,1
TCGA-BR-7957-01A,0.5054383873939514,0.12246020138263702,0.3990829975864573,0.3499349278214122,3.0720113218530947,0.3333726227283478,1
TCGA-BR-8590-01A,0.49033528566360474,0.12291135638952255,0.3803243383872693,0.37104995639836,3.054047599416695,0.3086448907852173,1
TCGA-BR-8687-01A,0.4613461196422577,0.11982899904251099,0.33471161292172963,0.39187755141062536,3.0534129542592585,0.2718948721885681,0
TCGA-BR-A4J2-01A,0.4961415231227875,0.12551847100257874,0.3941074993222762,0.3601005495724179,3.0387801674821167,0.31095826625823975,1
TCGA-D7-A6ET-01A,0.49445104598999023,0.1196831688284874,0.39883689512107046,0.370913287324278,3.103920923729108,0.28550300002098083,0
TCGA-CG-5725-01A,0.4112057685852051,0.12305326014757156,0.311109148277368,0.5073238234038482,2.9689369837536868,0.2527085840702057,0
TCGA-CD-A4MG-01A,0.5007529854774475,0.12314681708812714,0.38839394205761146,0.3450172958495132,3.0435113575578865,0.4573628008365631,1
TCGA-D7-5577-01A,0.584650456905365,0.11195144057273865,0.4962446365576301,0.2565982740334358,2.9876230274903453,0.46372801065444946,1
TCGA-BR-8683-01A,0.5352567434310913,0.13214993476867676,0.44296948650938556,0.336077996157472,2.932131018397902,0.3485512435436249,1
TCGA-VQ-A8PF-01A,0.5403288006782532,0.11213354766368866,0.4269664839345286,0.2820894867242826,3.084180830801731,0.3789089322090149,1
TCGA-CD-8526-01A,0.40071284770965576,0.09820736199617386,0.22004443062604057,0.433070727940144,3.0306577114466244,0.2715376913547516,0
TCGA-BR-7723-01A,0.4707717001438141,0.12718306481838226,0.37173018255774537,0.40248172001355864,3.011726068777739,0.273415744304657,0
TCGA-CG-4305-01A,0.29259270429611206,0.10233335196971893,0.15876947662804636,0.5994406711945666,2.563477613109145,0.3288950026035309,1
TCGA-BR-4187-01A,0.267855167388916,0.10182179510593414,0.1637002155000399,0.6532045654082529,2.416698746210155,0.25438880920410156,0
TCGA-BR-4366-01A,0.25609084963798523,0.11051423847675323,0.18785509932707417,0.6995607849458033,2.1912151017857333,0.20276305079460144,0
TCGA-BR-8591-01A,0.482311487197876,0.10758359730243683,0.3090900293929094,0.33034001427310006,3.130590328828269,0.4536302089691162,1
TCGA-BR-4370-01A,0.29728007316589355,0.10235580056905746,0.15525077424285083,0.5883843462172706,2.5609599400944827,0.30227890610694885,1
TCGA-IN-8663-01A,0.5007911920547485,0.14139419794082642,0.43283359582576914,0.41130601007490053,2.889538058865826,0.5179958939552307,1
TCGA-D7-6817-01A,0.4515356719493866,0.11427506059408188,0.3077674237594875,0.4011398174477544,3.120474517047006,0.2361309826374054,0
TCGA-IN-A7NU-01A,0.4617158770561218,0.11487224698066711,0.31783895203811857,0.3750939770073738,3.0818969382961847,0.3705004155635834,1
TCGA-VQ-A8DL-01A,0.47029438614845276,0.12266474217176437,0.35476182418549335,0.3876055752430587,3.0203382723236487,0.28695255517959595,0
TCGA-CG-5727-01A,0.4709235429763794,0.12213565409183502,0.3525497938475306,0.39019568685048067,3.0378443274887754,0.28122678399086,0
TCGA-VQ-A922-01A,0.3956318795681,0.10338282585144043,0.2415714102638198,0.4544641309073,3.0398184049288224,0.19285570085048676,0
TCGA-BR-8285-01A,0.5317864418029785,0.11164946109056473,0.4011174773157989,0.28262271288580304,3.108441334359408,0.33682143688201904,1
TCGA-HU-A4GP-01A,0.43255043029785156,0.1175241470336914,0.3027258551102776,0.43136695340209547,3.0828753175934227,0.4102769196033478,1
TCGA-CG-4436-01A,0.2274380922317505,0.08970674872398376,0.12618952419032387,0.70671731307477,2.226771835073601,0.2472657710313797,0
TCGA-CD-5804-01A,0.47557321190834045,0.1287177950143814,0.3711957167486669,0.3976023103950805,2.9860207245862878,0.2396070957183838,0
TCGA-VQ-AA64-01A,0.48317545652389526,0.12922529876232147,0.38990176479966643,0.3910079839095402,2.98780272345754,0.29972949624061584,0
TCGA-BR-7707-01A,0.4849899113178253,0.11405539512634277,0.3381131280674772,0.3431068094319106,3.1107950276387872,0.36524519324302673,1
TCGA-CG-5721-01A,0.4911119341850281,0.11636333167552948,0.3749246471136256,0.36028204813712006,3.086091282300618,0.2666376233100891,0
TCGA-D7-A74B-01A,0.47547194361686707,0.1286405324935913,0.39234586180333936,0.4063040846747166,2.9764637465891743,0.2503777742385864,0
TCGA-CG-4442-01A,0.25471046566963196,0.09804116934537888,0.15912274382678993,0.677152119101933,2.3649929206559577,0.4243162274360657,1
TCGA-HU-8604-01A,0.5258510708808899,0.11595457047224045,0.397335910661142,0.3050927742318255,3.0644693351576064,0.3113236427307129,1
TCGA-BR-8381-01A,0.5414057970046997,0.10987861454486847,0.3998260019783337,0.27466421957120213,3.104105105245633,0.44776859879493713,1
TCGA-FP-7735-01A,0.46213626861572266,0.12539437413215637,0.34614505302072185,0.40238593248370463,3.0177205360644033,0.2674034535884857,0
TCGA-CG-5720-01A,0.4925723671913147,0.1216249167919159,0.37606973513058395,0.36205337010554633,3.070314943114772,0.32606959342956543,1
TCGA-IN-A6RN-01A,0.37784242630004883,0.1071702167391777,0.24380123549988836,0.49967304972833887,2.99497747256081,0.22972756624221802,0
TCGA-HU-A4G8-01A,0.4954574704170227,0.12350407987833023,0.38154418531015305,0.3544645419193968,3.0383400473685054,0.4200933575630188,1
TCGA-CG-4449-01A,0.18870295584201813,0.06823467463254929,0.08185911868768092,0.7558700546799614,2.069118106564454,0.11321289092302322,0
TCGA-HU-A4GJ-01A,0.515511691570282,0.12658759951591492,0.4270299837193641,0.34461023228932575,3.0398229328494253,0.335233211517334,1
TCGA-D7-8574-01A,0.5045904517173767,0.12995874881744385,0.41183697066050007,0.36432769668063786,3.015509876274871,0.34509021043777466,1
TCGA-BR-6456-01A,0.4874905049800873,0.12520425021648407,0.37419281966984613,0.3745484957066538,3.0443739122161713,0.26983705163002014,0
TCGA-VQ-A923-01A,0.5283137559890747,0.11458791792392731,0.3994279358016844,0.3031646884817074,3.0929919949075972,0.3613778054714203,1
TCGA-F1-6177-01A,0.5029319524765015,0.1318739950656891,0.41538517406672154,0.38899675591923694,2.994862750898445,0.47297319769859314,1
TCGA-HU-A4GF-01A,0.4627930223941803,0.12717685103416443,0.350931370067427,0.4104585373379715,3.0114731733448354,0.2473994493484497,0
TCGA-BR-7196-01A,0.5236368179321289,0.11403769254684448,0.4077420040173053,0.3043422628244747,3.1296588765320905,0.332878053188324,1
TCGA-BR-6457-01A,0.49507781863212585,0.12162826955318451,0.38664871929927236,0.36085913267396263,3.083491969488974,0.24674001336097717,0
TCGA-KB-A93H-01A,0.3832726776599884,0.10871285200119019,0.24597669048818316,0.5050493968152644,3.033285746444826,0.34404274821281433,1
TCGA-VQ-A8PO-01A,0.4706973731517792,0.11344297975301743,0.32168474629564126,0.35839425382226936,3.101020759780716,0.3739549517631531,1
TCGA-BR-8058-01A,0.5024260878562927,0.12866954505443573,0.39660913739658277,0.3616312772552808,3.0071605189149087,0.3002903461456299,1
TCGA-F1-6874-01A,0.4461323022842407,0.10847917944192886,0.28022320735102585,0.380855309538888,3.124433976596934,0.3146635890007019,1
TCGA-BR-4253-11A,0.288013756275177,0.09560254961252213,0.1460222752585521,0.597931583134447,2.628711965572744,0.3683285713195801,1
TCGA-BR-8487-01A,0.4702773094177246,0.11544667184352875,0.33360953872094423,0.3880260146934843,3.1506829530743716,0.38660284876823425,1
TCGA-VQ-A91W-01A,0.5296172499656677,0.12073295563459396,0.4131340986340024,0.3075467788800695,3.035995748323389,0.39129412174224854,1
TCGA-HF-7134-01A,0.46551990509033203,0.12371868640184402,0.35170720441478565,0.41156693286657187,3.065715489295256,0.2993730306625366,0
TCGA-BR-4257-11A,0.2771584987640381,0.09819436818361282,0.1587688131262725,0.6383488362808895,2.5619917497681586,0.250386118888855,0
TCGA-BR-4183-01A,0.263611763715744,0.09290336072444916,0.13609921628827665,0.6426436131534298,2.4539819854063714,0.262026309967041,0
TCGA-MX-A666-01A,0.4550812244415283,0.11783022433519363,0.3245336842307471,0.4019176095433851,3.0805210677210555,0.22116847336292267,0
TCGA-CD-8525-01A,0.47398269176483154,0.12165746837854385,0.3541808799930815,0.38210466133046345,3.043897404911898,0.2706643342971802,0
TCGA-VQ-AA6F-01A,0.46974149346351624,0.11903489381074905,0.3531544633042235,0.385895072382869,3.0663611287928947,0.2537497580051422,0
TCGA-BR-4280-01A,0.2974705398082733,0.11836358904838562,0.214523303811165,0.6340319801226305,2.4565713369720656,0.3798520565032959,1
TCGA-BR-8371-01A,0.5024769306182861,0.13322827219963074,0.4186534312025585,0.3790216930605325,2.980454813622442,0.351207435131073,1
TCGA-BR-4253-01A,0.3768855333328247,0.11082466691732407,0.20799455280970883,0.4649737653702888,2.8349287212949763,0.33437857031822205,1
TCGA-HU-8238-01A,0.48972949385643005,0.12880831956863403,0.3842261557874253,0.37447107174167527,2.9900056842292404,0.32732099294662476,1
TCGA-IN-7808-01A,0.5029253363609314,0.12424155324697495,0.3922508097537126,0.35291572450039727,3.03393931183657,0.3653414249420166,1
TCGA-BR-4363-01A,0.25780174136161804,0.09715460240840912,0.153944887890578,0.6720147607396414,2.3834376135650017,0.23667633533477783,0
TCGA-BR-4368-11A,0.27969732880592346,0.0960572361946106,0.15235690235690236,0.6237774571107905,2.6028599894931395,0.27571532130241394,0
TCGA-CG-4460-01A,0.26856255531311035,0.11294162273406982,0.19225239616613418,0.6756389776357827,2.2963896441075025,0.31871482729911804,1
TCGA-BR-7197-01A,0.4383091926574707,0.1202971488237381,0.3143628805839402,0.42776336639189316,3.04739481208762,0.26813411712646484,0
TCGA-HF-7136-01A,0.47950881719589233,0.14388491213321686,0.41702432218155006,0.43022524465565065,2.820404171382423,0.33887022733688354,1
TCGA-VQ-A8PP-01A,0.5004214644432068,0.12324304133653641,0.3817485942582964,0.34846578895504304,3.040200071865889,0.4548875689506531,1
TCGA-VQ-A94U-01A,0.44993463158607483,0.12536950409412384,0.33322124834654043,0.42852974991037324,3.0206244084218734,0.286868155002594,0
TCGA-BR-4184-11A,0.2736784815788269,0.09908827394247055,0.1622340425531915,0.6463168923275306,2.5387634755052706,0.2530112862586975,0
TCGA-VQ-AA6I-01A,0.4759971499443054,0.12332984805107117,0.3517427411801436,0.3773537308773025,3.0505234857642187,0.3783915340900421,1
TCGA-HU-A4GN-01A,0.4779689311981201,0.11462084949016571,0.32140301549213507,0.3448928041346074,3.075076368997848,0.4384514391422272,1
TCGA-BR-6566-11A,0.4922882616519928,0.12891322374343872,0.4026788546382537,0.3898805232753732,3.034464159271608,0.25616300106048584,0
TCGA-BR-7959-01A,0.5090489983558655,0.13261666893959045,0.4088432462586081,0.3540712884238064,2.9308582267159844,0.310771644115448,1
TCGA-BR-8372-01A,0.4980989098548889,0.12257801741361618,0.3716606211604929,0.35006778294800867,3.070062584516926,0.5462158918380737,1
TCGA-VQ-AA6J-01A,0.4767870604991913,0.11951322108507156,0.36239924656612726,0.3778764417373011,3.07037971892208,0.304164320230484,1
TCGA-BR-8296-01A,0.5224452018737793,0.12002906203269958,0.41245927839726637,0.32084333244270785,3.0643484636162768,0.3788367509841919,1
TCGA-CG-4462-01A,0.2826654314994812,0.10134108364582062,0.1559129005092834,0.6157115932149015,2.5053994033733455,0.25295141339302063,0
TCGA-BR-4294-01A,0.29082074761390686,0.1374414712190628,0.2509216220548165,0.6818801089918256,1.9976968434652838,0.12855733931064606,0
TCGA-BR-8366-01A,0.5562340021133423,0.10975059866905212,0.4377835511264493,0.2568973205630308,3.075696358393102,0.4020962119102478,1
TCGA-BR-4188-11A,0.26800528168678284,0.11159062385559082,0.1885982348731812,0.6741273753677347,2.3072371550087962,0.2689301073551178,0
TCGA-BR-4267-11A,0.28760260343551636,0.09725125879049301,0.15648196445050758,0.6095574369056694,2.6177708266074315,0.3106714189052582,1
TCGA-VQ-A94P-01A,0.4897310733795166,0.1304509937763214,0.4094533933161326,0.3963697876110947,2.9935227683729058,0.2410532683134079,0
TCGA-BR-4366-11A,0.27176859974861145,0.10133933275938034,0.17099402062683094,0.6578514386612625,2.4893868124543634,0.27759087085723877,0
TCGA-RD-A8MV-01A,0.4919932186603546,0.12429202347993851,0.38474230062811454,0.36962492726275686,3.028382763662687,0.2537238895893097,0
TCGA-HF-A5NB-01A,0.4954957067966461,0.14352484047412872,0.43037864626353084,0.41271669878808076,2.858543830269837,0.48738840222358704,1
TCGA-CG-5728-01A,0.48421645164489746,0.1140013113617897,0.36415696022542987,0.36211491007973595,3.1061042502675162,0.29476943612098694,0
TCGA-VQ-A8E3-01A,0.4883823096752167,0.12313540279865265,0.35926757177722995,0.36225762537253026,3.0551867068841676,0.39187878370285034,1
TCGA-VQ-A8P3-01A,0.4782891571521759,0.11794766783714294,0.3428724270712348,0.36537395721383925,3.0825416420477465,0.3959944546222687,1
TCGA-CD-8536-01A,0.46188539266586304,0.11229941248893738,0.30418474991273003,0.3658555304405091,3.096185564610875,0.3884464502334595,1
TCGA-BR-8368-01A,0.4319075047969818,0.10967514663934708,0.2809942126651963,0.41573395744298214,3.128174844765739,0.5340125560760498,1
TCGA-BR-8077-01A,0.449226051568985,0.12751691043376923,0.341616754879099,0.43229494237970373,3.012848044495834,0.3192045986652374,1
TCGA-VQ-AA69-01A,0.5679462552070618,0.13158491253852844,0.5198355772027107,0.31796064899105303,2.8738924491352433,0.5437508821487427,1
TCGA-BR-7703-01A,0.48975446820259094,0.11976286768913269,0.3608399026060124,0.36173669872953884,3.0927084783127787,0.5186017751693726,1
TCGA-IN-A6RP-01A,0.4868212640285492,0.12539520859718323,0.37703067447311545,0.3694736735294416,3.0089976910834344,0.3849082887172699,1
TCGA-VQ-A91X-01A,0.4415637254714966,0.11954737454652786,0.32119644189608454,0.43141764521069786,3.071704338489553,0.3137487769126892,1
TCGA-D7-A6F2-01A,0.4411233067512512,0.12435643374919891,0.3283132966571193,0.43489086491786494,3.0218320873237907,0.27614253759384155,0
TCGA-BR-4255-01A,0.2618834674358368,0.09235827624797821,0.13286853387827063,0.642785591216893,2.472838581117355,0.24596187472343445,0
TCGA-BR-A4CQ-01A,0.5279375314712524,0.13580606877803802,0.4688616028198474,0.3520651766923603,2.878492372113029,0.5600817203521729,1
TCGA-VQ-A8P2-01A,0.5335084199905396,0.14196620881557465,0.48012124394376954,0.3705410630325306,2.8365963352371932,0.7005253434181213,1
TCGA-KB-A6F5-01A,0.43267351388931274,0.11968819797039032,0.3147121589674781,0.4331403744169702,3.004660294428315,0.2364552766084671,0
TCGA-CG-4440-01A,0.20528027415275574,0.06854662299156189,0.07898114721219414,0.7179302045728039,2.2366809913613515,0.18259428441524506,0
TCGA-HU-A4G2-01A,0.590819239616394,0.12395676225423813,0.5273169631032149,0.2715852569825277,2.8901866547222888,0.45654329657554626,1
TCGA-D7-A4YY-01A,0.5050435662269592,0.1364632397890091,0.41991971313001475,0.3758052915882416,2.946171623795543,0.4601183831691742,1
TCGA-R5-A7ZR-01A,0.4267216622829437,0.11502295732498169,0.30014819034011375,0.44227334601237656,3.067842556165731,0.3744789659976959,1
TCGA-BR-7704-01A,0.43570762872695923,0.11690520495176315,0.3033414848727948,0.42687002697521337,3.084003102916996,0.3356679379940033,1
TCGA-BR-4370-11A,0.2795625925064087,0.10190535336732864,0.1676435166599759,0.6433159373745484,2.5473971993335445,0.2784055769443512,0
TCGA-BR-8676-01A,0.5307872891426086,0.10910964757204056,0.37198483186741504,0.28088045896265074,3.0993703059937734,0.39028194546699524,1
TCGA-CG-4475-01A,0.2596181035041809,0.10697902739048004,0.17009541446918153,0.6731752486009904,2.256291679648082,0.31399446725845337,1
TCGA-RD-A8N5-01A,0.50261390209198,0.13745349645614624,0.43394306504178204,0.3881795884670951,2.9054274262067015,0.26731956005096436,0
TCGA-HU-8602-01A,0.5244934558868408,0.11622846871614456,0.36806133635920923,0.30237807935247535,3.0295174282331034,0.35710275173187256,1
TCGA-HF-7133-01A,0.48188191652297974,0.12722402811050415,0.3756030257881852,0.38488495202142387,3.0193361649649084,0.26524725556373596,0
TCGA-VQ-A91N-01A,0.43780678510665894,0.11640754342079163,0.31078006322305995,0.42305287907893774,3.08266215752034,0.250968337059021,0
TCGA-RD-A8NB-01A,0.5036378502845764,0.12295099347829819,0.39591643858946346,0.3476424293160562,3.0660071792469115,0.330992728471756,1
TCGA-VQ-A925-01A,0.43624618649482727,0.12515905499458313,0.32960852365840015,0.45132909856965325,3.005123841562311,0.29983484745025635,0
TCGA-FP-8210-01A,0.5005825757980347,0.1300916075706482,0.419699305717167,0.37786779536110465,2.9973781616679416,0.2889675199985504,0
TCGA-D7-8578-01A,0.4872782826423645,0.1288457214832306,0.38068438339802924,0.38302060316512393,3.01635393840875,0.26529985666275024,0
TCGA-VQ-A8E7-01B,0.4909498691558838,0.13018690049648285,0.39803078958475774,0.38185601413842724,2.980974199960493,0.3653389811515808,1
TCGA-CD-5801-01A,0.5666954517364502,0.1060803234577179,0.4644628224314632,0.25525997673168505,3.090794700167158,0.33775582909584045,1
TCGA-VQ-AA6D-01A,0.4193745255470276,0.1217699646949768,0.3082845293452306,0.4667638557245193,2.999116852566418,0.4359825849533081,1
TCGA-D7-6822-01A,0.5014901161193848,0.13707156479358673,0.41554137937620567,0.38611599213094716,2.920269219539652,0.3667755722999573,1
TCGA-RD-A7BT-01A,0.4386189877986908,0.12064709514379501,0.3174723212235567,0.4305385007038246,3.048407792876744,0.2825137674808502,0
TCGA-VQ-A8PC-01A,0.49294355511665344,0.12544281780719757,0.38793836616231153,0.3633160232869268,3.030121811553225,0.26160675287246704,0
TCGA-BR-8363-01A,0.5179935693740845,0.11801204085350037,0.39766437447219205,0.31473277838098684,3.065430082791887,0.4217742681503296,1
TCGA-CG-4304-01A,0.260608047246933,0.09828338027000427,0.15067613659162954,0.6621323381886762,2.41083913909469,0.21174763143062592,0
TCGA-BR-4369-01A,0.2648797333240509,0.10451696068048477,0.1679116465863454,0.6637751004016065,2.342085982795515,0.286083459854126,0
TCGA-CD-5800-01A,0.47317227721214294,0.12724541127681732,0.38331105913798863,0.40874944763588156,2.9947753846561045,0.3480733633041382,1
TCGA-CG-5722-01A,0.5480444431304932,0.10948105156421661,0.44928609174480555,0.2815680708266427,3.114220900480628,0.4092661142349243,1
TCGA-HU-A4H0-01A,0.5872909426689148,0.119680255651474,0.508104520189097,0.2611281978526442,2.9361645256412103,0.592073380947113,1
TCGA-HU-A4HB-01A,0.505103349685669,0.13015104830265045,0.41523413447464846,0.3624895272896121,3.0032942650987566,0.38013994693756104,1
TCGA-CG-4301-01A,0.2838389575481415,0.11501975357532501,0.18984909738622263,0.6405155505743906,2.3711073772281956,0.2526988387107849,0
TCGA-D7-A4Z0-01A,0.49669796228408813,0.12374049425125122,0.38177245902468,0.35098631417992493,3.018024448875336,0.3516257405281067,1
TCGA-BR-4184-01A,0.2866904139518738,0.10063113272190094,0.1657691689438997,0.6204790226651664,2.5568664283496756,0.5074372887611389,1
TCGA-CD-8533-01A,0.510371208190918,0.13357441127300262,0.4300917369047504,0.36710002999835495,2.9609211269075795,0.47605451941490173,1
TCGA-CD-8530-01A,0.46809589862823486,0.12112977355718613,0.34119179900683416,0.3845395545503712,3.0419604897260966,0.29269325733184814,0
TCGA-IN-8462-01A,0.4808039963245392,0.12381945550441742,0.35007934488982567,0.36683262468050054,3.0312604539871217,0.3181818127632141,1
TCGA-VQ-A8PX-01A,0.46378275752067566,0.12720397114753723,0.3566703203020339,0.4076434051881622,3.008398164708748,0.2374257594347,0
TCGA-VQ-A8PH-01A,0.4278297424316406,0.11363902688026428,0.29358367924041995,0.4327303790290709,3.083418590053852,0.26728174090385437,0
TCGA-CD-5813-01A,0.5106936693191528,0.12994079291820526,0.43155417734392915,0.37030740545014007,2.9676220318931805,0.27692344784736633,0
TCGA-HU-A4H4-01A,0.5082045197486877,0.12472379952669144,0.3934690926020857,0.3376200771168119,3.0074987139768536,0.4074534773826599,1
TCGA-KB-A6F7-01A,0.4300251603126526,0.11697117984294891,0.30545992137149075,0.43117738762948393,3.022039603828071,0.13617709279060364,0
TCGA-D7-A6EX-01A,0.49002525210380554,0.14240357279777527,0.42184219734079775,0.4155513762537905,2.8698641603295707,0.41791167855262756,1
TCGA-CD-8528-01A,0.4690616726875305,0.12063903361558914,0.32625610078148687,0.37139699337839027,3.051681941552831,0.38190895318984985,1
TCGA-BR-4371-01A,0.3035053312778473,0.1240098774433136,0.22774178065754738,0.6295096392288617,2.4057350239363107,0.4445054233074188,1
TCGA-D7-6518-01A,0.49648505449295044,0.12634003162384033,0.3954205462596041,0.3643846101675209,3.0284433020766404,0.3077952265739441,1
TCGA-RD-A7C1-01A,0.44176000356674194,0.10916529595851898,0.282881424524484,0.38992829644387716,3.0826017625736566,0.2644058167934418,0
TCGA-RD-A8MW-01A,0.46533215045928955,0.12144133448600769,0.35061752691630144,0.39680364420081504,3.023065945978004,0.26984187960624695,0
TCGA-VQ-A8PT-01A,0.5115350484848022,0.12559206783771515,0.4037037672870677,0.3553796839706975,3.04120639956377,0.6212354898452759,1
TCGA-KB-A93G-01A,0.4753519892692566,0.1287943422794342,0.3848175887895627,0.40446484658129983,2.9967285930966554,0.2941935956478119,0
TCGA-CG-4469-01A,0.26182791590690613,0.10796943306922913,0.18690839082303867,0.6814535536659715,2.3066308318224134,0.2528156638145447,0
TCGA-D7-6525-01A,0.5068093538284302,0.12578050792217255,0.3913608120195734,0.3467729205630946,3.016080237937813,0.4602189064025879,1
TCGA-HU-A4G9-01A,0.5077294111251831,0.13827484846115112,0.4347672879990795,0.4007450235876194,2.9084912060289563,0.5351114273071289,1
TCGA-BR-7722-01A,0.4875546097755432,0.13829699158668518,0.4086472765115227,0.4080637239407305,2.9042155570841732,0.3601529896259308,1
TCGA-VQ-AA6K-01A,0.48323702812194824,0.131943017244339,0.3975624388556009,0.3911225178174468,2.945581680595874,0.30168837308883667,1
TCGA-BR-4357-01A,0.2428189218044281,0.0925011858344078,0.13507033248081843,0.6879395780051151,2.3355573453485623,0.20906557142734528,0
TCGA-BR-4267-01A,0.3151357173919678,0.13248640298843384,0.2545672118069406,0.6240925408855206,2.3464786020699626,0.35429853200912476,1
TCGA-FP-A4BE-01A,0.5005598664283752,0.11296088248491287,0.3478464049233247,0.32914908250834574,3.1229252152826246,0.32763341069221497,1
TCGA-BR-4279-11A,0.2578427791595459,0.09303075075149536,0.14221146085552866,0.6640839386602099,2.4754434695852257,0.24779309332370758,0
TCGA-CD-8524-01A,0.46620360016822815,0.11450152099132538,0.31161485392450455,0.36652437567716917,3.0927857115386437,0.33713778853416443,1
TCGA-D7-6815-01A,0.467300146818161,0.1302948147058487,0.36303463052325996,0.4228931623727241,3.0107105015089948,0.3156885504722595,1
TCGA-RD-A8N9-01A,0.44224056601524353,0.11793450266122818,0.31580731525058026,0.41297860652938817,3.054323643169532,0.23647040128707886,0
TCGA-CG-4466-01A,0.21756228804588318,0.0909852460026741,0.1374143664116021,0.7474860782821201,2.1160814002319444,0.22111329436302185,0
TCGA-CD-5803-01A,0.49608084559440613,0.11472293734550476,0.38349539487678513,0.36581084153828475,3.1401005032846387,0.25739577412605286,0
TCGA-BR-8291-01A,0.4706498980522156,0.12635374069213867,0.3574098092904837,0.3957174424749003,3.0049819543177243,0.24735698103904724,0
TCGA-CG-4465-01A,0.2891862094402313,0.10638608783483505,0.17877005561557235,0.6207738166686673,2.519605101800622,0.4038701355457306,1
TCGA-CG-4438-01A,0.2260914444923401,0.09155332297086716,0.13533624034884187,0.7197263671640597,2.1971343469299733,0.2193751335144043,0
TCGA-CG-4300-01A,0.27602022886276245,0.1080826073884964,0.1766220184224287,0.6472788705200917,2.379651328042836,0.21444377303123474,0
TCGA-VQ-A8E2-01A,0.45809516310691833,0.12358658015727997,0.3448806091165986,0.4060513450365345,3.011508470009327,0.32233941555023193,1
TCGA-SW-A7EA-01A,0.5153393745422363,0.12303353101015091,0.39628241325149116,0.3354452335295875,3.0431727837654687,0.40705692768096924,1
TCGA-BR-8297-01A,0.4794138967990875,0.11639337986707687,0.3436734216166527,0.3586300561544332,3.083271118305958,0.3217163681983948,1
TCGA-HU-A4G3-01A,0.4976564049720764,0.11893058568239212,0.36229293945338165,0.3456396925480901,3.0733834269743334,0.4493553042411804,1
TCGA-BR-4363-11A,0.279555082321167,0.10145486891269684,0.16363490984687962,0.6364690361012274,2.5541333800241213,0.2528211176395416,0
TCGA-BR-4187-11A,0.2605104446411133,0.09828678518533707,0.15718503151679566,0.6729434293465252,2.451180724668445,0.2941031754016876,0
TCGA-D7-5578-01A,0.4583689868450165,0.1106998398900032,0.32564601055224107,0.3895049859740232,3.1192545696757916,0.3107629418373108,1
TCGA-VQ-A91A-01A,0.472633957862854,0.11846159398555756,0.3349289166419258,0.36716829794172184,3.0560976942255285,0.30594033002853394,1
TCGA-FP-A9TM-01A,0.4919877052307129,0.11849302798509598,0.36642722974605224,0.3465467345701228,3.063467202250614,0.3937903046607971,1
TCGA-FP-7829-01A,0.4695532023906708,0.12333547323942184,0.3576772865895133,0.4003630940161216,3.056000775072377,0.47494539618492126,1
TCGA-D7-A4YU-01A,0.4951038658618927,0.1214822307229042,0.3666659923430554,0.3439480298792792,3.040981139957947,0.4135422706604004,1
TCGA-HU-8243-01A,0.4524773359298706,0.11923637986183167,0.31706630287553583,0.3970089183848839,3.063085405766461,0.29917627573013306,0
TCGA-B7-5818-01A,0.5862748026847839,0.12023100256919861,0.5062109424188479,0.27205433926485945,2.9117581227922926,0.4305276870727539,1
TCGA-IN-A6RI-01A,0.38070887327194214,0.10232866555452347,0.2265533434038526,0.4698256295570596,3.021804076320053,0.22186508774757385,0
TCGA-D7-A74A-01A,0.5124520063400269,0.14213469624519348,0.46677263857118856,0.39207795396683853,2.827018178151991,0.34110158681869507,1
TCGA-VQ-A8DZ-01A,0.42434245347976685,0.11736111342906952,0.2893014953751534,0.43499265165956086,3.0234158075691093,0.30146524310112,1
TCGA-BR-4292-01A,0.29602792859077454,0.11534015834331512,0.20425412594135556,0.6227367409069059,2.4528114857923367,0.39372649788856506,1
TCGA-BR-8486-01A,0.45973697304725647,0.11737871170043945,0.3221654181493809,0.39034549238900024,3.0931113601861293,0.3445850610733032,1
TCGA-VQ-A94O-01A,0.38939395546913147,0.11415942013263702,0.267858297078931,0.5041292728402734,3.002160065991682,0.22178217768669128,0
TCGA-CG-4444-01A,0.27457842230796814,0.10025880485773087,0.16073155011279408,0.6411134386077989,2.4869067693387508,0.2510720491409302,0
TCGA-CD-8529-01A,0.4694601595401764,0.12119016796350479,0.3455164512831655,0.38611751692534085,3.05166876302735,0.2899041771888733,0
TCGA-HU-A4GQ-01A,0.519103467464447,0.12544871866703033,0.4083497658682238,0.32479351054994215,3.000266506882709,0.4453691840171814,1
TCGA-FP-A4BF-01A,0.5158934593200684,0.125314861536026,0.4026151565880169,0.33725782700249907,3.0067597123253087,0.3453238606452942,1
TCGA-BR-A4PD-01A,0.4512846767902374,0.1201622262597084,0.3176448091316723,0.39694385129652193,3.059942432810433,0.34566715359687805,1
TCGA-BR-4361-11A,0.2762258052825928,0.09657678753137589,0.1534621578099839,0.6345813204508857,2.57119970403288,0.32449406385421753,1
TCGA-VQ-A8PQ-01A,0.49661269783973694,0.13649727404117584,0.4281789099758601,0.3977930641964163,2.9290374227139004,0.22413979470729828,0
TCGA-BR-8081-01A,0.5361243486404419,0.12174508720636368,0.41985761523502596,0.30235061948642694,3.0184801029864596,0.3779774010181427,1
TCGA-D7-A6EY-01A,0.48783499002456665,0.11835215985774994,0.3593365485163387,0.35469489974086943,3.072351174785669,0.41204437613487244,1
TCGA-B7-A5TJ-01A,0.4952247142791748,0.12365943193435669,0.3874041247656383,0.36397526114587647,3.0445936045115776,0.5669456720352173,1
TCGA-CG-4306-01A,0.2858729660511017,0.09934116899967194,0.14196712086498653,0.6072189396679931,2.5328654138100273,0.5157308578491211,1
TCGA-VQ-A91D-01A,0.48867544531822205,0.11849475651979446,0.3483564003122406,0.35563210130471956,3.0967817878240123,0.34272316098213196,1
TCGA-BR-A4J8-01A,0.49507543444633484,0.12124279141426086,0.3731143496265811,0.3561556534959075,3.1085919721273787,0.42711585760116577,1
TCGA-IN-AB1V-01A,0.4493969976902008,0.11934550106525421,0.31925824622941024,0.4081904812800451,3.048927560217143,0.3270856738090515,1
TCGA-BR-A4QI-01A,0.5522486567497253,0.13112470507621765,0.47634794714001766,0.3137072598295796,2.915460076950956,0.45575666427612305,1
TCGA-BR-A4J6-01A,0.4935621917247772,0.1400078982114792,0.41753516177059635,0.3977165947434318,2.9094694472086275,0.29811811447143555,0
TCGA-RD-A8N6-01A,0.4728298783302307,0.13232912123203278,0.37826668111701167,0.40737449273268067,2.951887630415908,0.2780601680278778,0
TCGA-RD-A8N1-01A,0.4830208420753479,0.12721386551856995,0.38117908605945366,0.3907919313560258,3.006258833175074,0.26286745071411133,0
TCGA-RD-A7BW-01A,0.4795859456062317,0.12674164772033691,0.3890317290805197,0.39612509426609105,3.003535800927378,0.2791406810283661,0
TCGA-D7-6818-01A,0.46210694313049316,0.11782005429267883,0.3279931398379072,0.39169566868665634,3.0719000253353372,0.24693509936332703,0
TCGA-CG-5726-01A,0.44994619488716125,0.12470477819442749,0.3493916890933977,0.445349979455391,3.0255470065567365,0.4169999361038208,1
TCGA-IN-A7NR-01A,0.4754874110221863,0.12394475191831589,0.37085970019970643,0.3918866244796805,3.046467236767651,0.29715779423713684,0
TCGA-HU-8610-01A,0.5027116537094116,0.12879835069179535,0.39962518310020967,0.36388354347971774,2.990726476536712,0.27526623010635376,0
TCGA-BR-6566-01A,0.49679034948349,0.11595543473958969,0.36110445224137555,0.33506463946457843,3.0894413130337974,0.3206683099269867,1
TCGA-EQ-8122-01A,0.45617765188217163,0.12554480135440826,0.33628976423860363,0.40470551081635875,3.008810417295901,0.2441430389881134,0
TCGA-CD-5798-01A,0.4857518970966339,0.12685760855674744,0.3941389025794838,0.39403347767759483,3.0287878467333638,0.3517393469810486,1
TCGA-CG-5716-01A,0.4938521981239319,0.11738737672567368,0.3769297336827351,0.3543713815589006,3.1202205890608696,0.2902318835258484,0
TCGA-VQ-A8PY-01A,0.49077969789505005,0.11600077152252197,0.3539309951332494,0.3415791675027743,3.1081923854580267,0.4425651431083679,1
TCGA-HU-A4GY-01A,0.514344334602356,0.12533770501613617,0.41033007130610044,0.34600174802630634,3.03937705482302,0.29678890109062195,0
TCGA-KB-A93J-01A,0.43473172187805176,0.12413427978754044,0.31757115561180177,0.4393632596342341,3.003907743137395,0.29874101281166077,0
TCGA-VQ-A94R-01A,0.4136050045490265,0.10556679219007492,0.2552406402476195,0.4411493206139729,3.128156139804926,0.31433841586112976,1
TCGA-BR-4201-01A,0.28060469031333923,0.10539619624614716,0.16736927442237534,0.629752736116741,2.463515263146469,0.31600233912467957,1
TCGA-VQ-A91Z-01A,0.4543589651584625,0.13695059716701508,0.37375041840063544,0.4528968311459931,2.896365265940557,0.4177919030189514,1
TCGA-BR-6803-01A,0.4870568513870239,0.12192727625370026,0.37557758448215084,0.37545611310652327,3.0777740065989714,0.25362297892570496,0
TCGA-RD-A8N4-01A,0.49808943271636963,0.13710050284862518,0.43181834494077453,0.39496960373607287,2.914156437004865,0.2853093445301056,0
TCGA-HF-7132-01A,0.4794687032699585,0.10986517369747162,0.32148269673949126,0.34033033278646724,3.133587256530672,0.4174267649650574,1
TCGA-BR-8483-01A,0.515242338180542,0.14394806325435638,0.44596112930601706,0.3876526977600344,2.839858752802748,0.34707796573638916,1
TCGA-HJ-7597-01A,0.49484676122665405,0.1313965916633606,0.3956236734576012,0.37643242514811553,2.967887185084872,0.28761187195777893,0
TCGA-BR-A4J4-01A,0.5604503154754639,0.1128700003027916,0.4301355066771406,0.2558645915161037,3.016513627647295,0.5584858059883118,1
TCGA-BR-8680-01A,0.5259127616882324,0.13833624124526978,0.4453797739951366,0.36051828541458064,2.8869971917986263,0.4210842549800873,1
TCGA-D7-8570-01A,0.5513648390769958,0.11246638745069504,0.4361057059772896,0.26642726400277084,3.051882941291397,0.36264604330062866,1
TCGA-BR-4255-11A,0.2789449691772461,0.09882792085409164,0.1542076546258314,0.6243577999920348,2.5517905046798326,0.261136919260025,0
TCGA-BR-7716-01A,0.4548000991344452,0.1171673908829689,0.3276028983932391,0.4041796529633453,3.0822937865768307,0.2511417865753174,0
TCGA-VQ-A8PD-01A,0.4861222803592682,0.11672074347734451,0.37235272226288796,0.3638646742921081,3.111165820590603,0.2843392491340637,0
TCGA-RD-A7BS-01A,0.46604040265083313,0.12190511077642441,0.35424113002564567,0.3955771288948123,3.042560569335346,0.33347123861312866,1
TCGA-BR-8690-01A,0.4875044524669647,0.12193822115659714,0.35911811992473164,0.36490503735782037,3.048227540848639,0.39137816429138184,1
TCGA-BR-A4IU-01A,0.5038756728172302,0.12570177018642426,0.4042607680429843,0.3506735126856397,3.0271266515763893,0.3399493992328644,1
TCGA-BR-8686-01A,0.5715023279190063,0.10758816450834274,0.44062825922630156,0.2438260087454909,3.052755659819463,0.4688740670681,1
TCGA-CD-A4MJ-01A,0.5294323563575745,0.1265362650156021,0.42170398892319133,0.3229618720980865,2.9994888998355447,0.4609181880950928,1
TCGA-BR-4280-11A,0.27266624569892883,0.10210851579904556,0.16944702508381468,0.6512501514723109,2.485049498595325,0.2877519130706787,0
TCGA-CG-4476-01A,0.23266813158988953,0.07986128330230713,0.10233552498890726,0.6890403775563713,2.355439819356875,0.22315101325511932,0
TCGA-HU-A4H3-01A,0.49185630679130554,0.12384017556905746,0.3850761257464627,0.36400480605419366,3.0422063724419193,0.40429094433784485,1
TCGA-CG-4441-01A,0.4718601405620575,0.11857620626688004,0.34079547819185746,0.37515425153525644,3.0826624567551604,0.411289781332016,1
TCGA-BR-6852-01A,0.5024688839912415,0.10933138430118561,0.35572116219695293,0.3144075398609951,3.140080585715662,0.3278302252292633,1
TCGA-VQ-AA6B-01A,0.46588537096977234,0.13126808404922485,0.3728590807830643,0.4281589525954873,2.9925631465128686,0.3740721642971039,1
TCGA-BR-6458-01A,0.4607977867126465,0.11542047560214996,0.314926794371698,0.37857387992246827,3.102959576882971,0.28952205181121826,0
TCGA-FP-8631-01A,0.439574271440506,0.1276354044675827,0.32685554872432926,0.4405006937879852,2.9680770056636696,0.19489917159080505,0
TCGA-CG-5724-01A,0.46661415696144104,0.12036889791488647,0.34266973717951943,0.39646823980169044,3.0727661434318625,0.40859079360961914,1
TCGA-ZA-A8F6-01A,0.47019773721694946,0.12042848020792007,0.3342731522147574,0.37981766875453254,3.049727781366552,0.3216097950935364,1
TCGA-CG-5723-01A,0.4937814474105835,0.12255950272083282,0.3949625224428062,0.3687745327523497,3.0179103177662654,0.37064698338508606,1
TCGA-BR-8361-01A,0.434099018573761,0.10543069243431091,0.26075262189920667,0.3837168595391769,3.1114753381492033,0.43049827218055725,1
TCGA-D7-A4YX-01A,0.5673913955688477,0.11852407455444336,0.46529170077889953,0.2716212414233609,2.9700927259759964,0.4928712844848633,1
TCGA-BR-4256-11A,0.25629276037216187,0.10455052554607391,0.17152116670042536,0.6926878671257849,2.3226187448759568,0.25898370146751404,0
TCGA-BR-6564-01A,0.5036227107048035,0.1343439817428589,0.41688119272512114,0.37605722179409795,2.955652378851246,0.26423102617263794,0
TCGA-CG-4455-01A,0.27135488390922546,0.10001741349697113,0.15604519319689597,0.646013429295163,2.4550170454474216,0.3162035346031189,1
TCGA-BR-A4PE-01A,0.51519775390625,0.13148224353790283,0.4187420863140002,0.34850200583289764,2.9698129789557486,0.5529145002365112,1
TCGA-CD-8532-01A,0.4933196008205414,0.13095887005329132,0.39885549130158915,0.3779194742594107,2.97653112396162,0.25086474418640137,0
TCGA-BR-A4IV-01A,0.48962584137916565,0.1337755173444748,0.4167733269125977,0.3926600854126801,2.946162622164497,0.30357277393341064,1
TCGA-BR-4201-11A,0.29140937328338623,0.09416258335113525,0.1410235711979335,0.5882305456893768,2.658487302828934,0.4060310423374176,1
TCGA-HU-8608-01A,0.5565686225891113,0.11437632888555527,0.4336085097427754,0.2658122805842795,3.014263299301674,0.34522831439971924,1
TCGA-D7-6527-01A,0.4123770594596863,0.11491940915584564,0.2795914250788011,0.4546477463005402,3.04626006842572,0.1724180430173874,0
TCGA-FP-7998-01A,0.5217628479003906,0.11013264209032059,0.3955329470421776,0.29706960940959054,3.147597907227219,0.33034271001815796,1
TCGA-VQ-A8PE-01A,0.45214787125587463,0.11940266937017441,0.33470176285921277,0.4119728548265479,3.062565909375676,0.3061158061027527,1
TCGA-VQ-A8PM-01A,0.45199719071388245,0.11547847837209702,0.32656683196834835,0.4060930379638232,3.0837161355807177,0.23125207424163818,0
TCGA-BR-4256-01A,0.27073636651039124,0.09407718479633331,0.13480893379846826,0.624283251132764,2.4718517736423333,0.44968125224113464,1
TCGA-BR-4191-11A,0.2746756374835968,0.10178769379854202,0.16513984596676126,0.6477908390758006,2.5295892449526973,0.261701762676239,0
TCGA-VQ-A8PK-01A,0.44015049934387207,0.12433059513568878,0.32771660370347433,0.43169876757292375,2.9972516039989623,0.2764790654182434,0
TCGA-HF-7131-01A,0.4369673728942871,0.11423878371715546,0.296075246660687,0.41352694480133817,3.081086036684988,0.2908260226249695,0
TCGA-BR-6452-11A,0.5037434697151184,0.11799102276563644,0.3858168489727729,0.3399870861507368,3.11054890575221,0.32539889216423035,1
TCGA-BR-8373-01A,0.4787551760673523,0.13127100467681885,0.37396646383811405,0.3921649856346698,2.984066820249175,0.3228292763233185,1
TCGA-CG-5717-01A,0.4739812910556793,0.12843896448612213,0.3871830406444209,0.41717643619670425,3.0058286914172614,0.3579295575618744,1
TCGA-D7-A6F0-01A,0.44590553641319275,0.1307707279920578,0.35291895546556756,0.44225970919922714,2.9668308093570284,0.2619365155696869,0
TCGA-BR-8588-01A,0.5156885385513306,0.12577517330646515,0.40335789647965564,0.33810039136266673,3.0189584133358087,0.37938356399536133,1
TCGA-VQ-A8DT-01A,0.4859960973262787,0.12479645758867264,0.37739040697462156,0.3763632956157922,3.039084286969401,0.3656116724014282,1
TCGA-VQ-AA6G-01A,0.5014631152153015,0.12983602285385132,0.4003157028725492,0.3654694407549115,2.981176449061821,0.3215181827545166,1
TCGA-BR-8295-01A,0.39773818850517273,0.11289053410291672,0.271294176231369,0.48354757290085093,3.0399359642869133,0.18980993330478668,0
TCGA-IN-7806-01A,0.4346050024032593,0.1129375696182251,0.2833031035872632,0.4089556822325867,3.0892859722105874,0.3604506552219391,1
TCGA-VQ-A92D-01A,0.5315327048301697,0.1328052580356598,0.46176087249629216,0.3473356204401432,2.8975396873485324,0.33284419775009155,1
TCGA-HU-A4GH-01A,0.37810224294662476,0.10083643347024918,0.22564192332409336,0.4944416202269392,3.067622443162411,0.30120009183883667,1
TCGA-CG-4443-01A,0.22817136347293854,0.09972339868545532,0.15912279998396345,0.7306258268852985,2.067032284023629,0.2857019007205963,0
TCGA-BR-8284-01A,0.48219263553619385,0.11180305480957031,0.3266318132659544,0.3409094215725738,3.1130059875901153,0.34182414412498474,1
TCGA-R5-A7ZF-01A,0.4967254400253296,0.12654449045658112,0.39854500324754505,0.36931226895950586,3.013715018759381,0.2827158272266388,0
TCGA-MX-A663-01A,0.4676382541656494,0.12730783224105835,0.36711903781685584,0.40447764120057245,2.9828820421452322,0.2474398910999298,0
TCGA-VQ-A91V-01A,0.4460602402687073,0.12976737320423126,0.3518415630426712,0.45783327644498484,2.9775962643077234,0.4562613070011139,1
TCGA-VQ-A91Y-01A,0.43033847212791443,0.115109384059906,0.2919147594915513,0.425909509527257,3.0419749960374434,0.21770155429840088,0
TCGA-VQ-A8PZ-01A,0.4676751494407654,0.10950693488121033,0.3208667953905376,0.35946181943402494,3.147518754481872,0.35244956612586975,1
TCGA-BR-8678-01A,0.439721941947937,0.12372662872076035,0.32342034134464603,0.4421847206494598,3.0366189206474368,0.4259164333343506,1
TCGA-BR-6709-01A,0.5169230103492737,0.1223301962018013,0.41017783714412925,0.33534528120840684,3.066110560875848,0.28860488533973694,0
TCGA-CD-5802-01A,0.47234904766082764,0.1241687759757042,0.3752685893326108,0.4036552292096432,3.016586148886464,0.2942504286766052,0
TCGA-D7-8579-01A,0.4963342845439911,0.12103249877691269,0.3741196526043836,0.3483081679383799,3.0615913201019778,0.3098036050796509,1
TCGA-D7-8573-01A,0.5374428629875183,0.11840801686048508,0.41292821546221326,0.301642271910031,3.0661807285160414,0.4167103171348572,1
TCGA-BR-8677-01A,0.5156600475311279,0.1261701136827469,0.4108405266868652,0.3405052497189352,3.023732539209643,0.28269603848457336,0
TCGA-CD-A4MH-01A,0.45017945766448975,0.12015334516763687,0.32810511409468157,0.40940925817330714,3.0706649836504463,0.31136804819107056,1
TCGA-BR-7901-01A,0.42897874116897583,0.11109637469053268,0.2773966426443324,0.41704359368349675,3.076232218814091,0.23879596590995789,0
TCGA-CG-5733-01A,0.4818542003631592,0.1103929802775383,0.3367673396910925,0.34917415463743934,3.1356322170083266,0.359647661447525,1
TCGA-VQ-A8DU-01A,0.4440903067588806,0.12584875524044037,0.3374878742103155,0.43468965217685074,2.9975537636219403,0.2156505286693573,0
TCGA-D7-6521-01A,0.4934137761592865,0.12457185983657837,0.38762175120161446,0.3674768615725732,3.046726125669435,0.25476494431495667,0
TCGA-VQ-A8PJ-01A,0.40281787514686584,0.11985184997320175,0.2884134419195017,0.49137661258220944,2.9876012492654094,0.26272404193878174,0
TCGA-BR-6707-01A,0.5499227046966553,0.11121729761362076,0.4173693086003373,0.272220157963434,3.0817710076694773,0.3532348871231079,1
TCGA-BR-A4J1-01A,0.4475004971027374,0.13903427124023438,0.3670738418077663,0.4550277296668129,2.8854987241798864,0.2861517369747162,0
TCGA-BR-4361-01A,0.2583028972148895,0.088942751288414,0.12573344509639564,0.6451921925517902,2.470893816806148,0.507511556148529,1
TCGA-MX-A5UG-01A,0.4959591031074524,0.12392127513885498,0.39713772010585324,0.3655769629368978,3.0597566509238656,0.2790679931640625,0
TCGA-IN-A7NT-01A,0.48966464400291443,0.11995164304971695,0.37554619017960356,0.3595658106152955,3.056127348881548,0.4775601029396057,1
TCGA-HU-8249-01A,0.5305589437484741,0.14965049922466278,0.48435774130221926,0.38126739435566726,2.733334441217134,0.35928353667259216,1
TCGA-HU-A4H6-01A,0.5074658393859863,0.11949142813682556,0.3839481128889845,0.32902691656390465,3.071687254997183,0.3865315318107605,1
TCGA-CD-A4MI-01A,0.5014864206314087,0.12060971558094025,0.382411059635238,0.33629440006527267,3.050752446624896,0.3944273591041565,1
TCGA-D7-8572-01A,0.4762159287929535,0.12598443031311035,0.3621397490447549,0.3876523269409255,3.0044460914620275,0.22744810581207275,0
TCGA-CG-5732-01A,0.4503850042819977,0.11367806047201157,0.32632751301796065,0.41889790569653734,3.1106966226426485,0.289766401052475,0
TCGA-CG-5730-01A,0.4718952775001526,0.12585584819316864,0.38256111957541694,0.4181961274959893,3.0171405325398797,0.38858675956726074,1
TCGA-ZQ-A9CR-01A,0.447007417678833,0.11334618180990219,0.3060512356386857,0.39831560952309125,3.094462938933545,0.34820351004600525,1
TCGA-CD-8531-01A,0.5158706903457642,0.1337125599384308,0.4468507679223573,0.375003752063635,2.9529377641771957,0.4150117337703705,1
TCGA-SW-A7EB-01A,0.48738718032836914,0.13078992068767548,0.40378223664508145,0.39571356332448,2.9715950109299367,0.2593965232372284,0
TCGA-BR-8370-01A,0.535222053527832,0.12329374253749847,0.4216905054911584,0.3110149861584981,2.9945257114309713,0.3991733193397522,1
TCGA-R5-A805-01A,0.5054771900177002,0.13028071820735931,0.40652344377594307,0.35977017833719804,2.9463240089614633,0.3560788929462433,1
TCGA-BR-4369-11A,0.2735326886177063,0.10065760463476181,0.16268537074148295,0.6507414829659318,2.494871499271027,0.2741002142429352,0
TCGA-BR-6563-01A,0.49413609504699707,0.1204560324549675,0.3796275193305616,0.35949926468295,3.0942751603082908,0.3036724925041199,1
TCGA-VQ-A8PS-01A,0.4975360631942749,0.13662977516651154,0.42450737918110615,0.3866646690850503,2.905736584194593,0.3275836110115051,1
TCGA-BR-6706-01A,0.5140286684036255,0.10951127856969833,0.3744384851060183,0.30420240484301386,3.1676766761464874,0.30667048692703247,1
TCGA-D7-6526-01A,0.3760068118572235,0.1064041405916214,0.23710362791788742,0.5074051358239481,3.022461812021591,0.2726818025112152,0
TCGA-BR-A4CS-01A,0.4818723797798157,0.12146862596273422,0.34075707140664246,0.36407017136723935,3.038224224305787,0.3146496117115021,1
TCGA-F1-6875-01A,0.45098942518234253,0.15115927159786224,0.38480570723719804,0.4883467622681796,2.71132147171749,0.399636447429657,1
TCGA-D7-6519-01A,0.4659935534000397,0.13903695344924927,0.39050777030643324,0.4429999124198398,2.886442604363205,0.3921241760253906,1
TCGA-CG-5718-01A,0.4454312026500702,0.11807195842266083,0.31961536608435676,0.42262057213280624,3.0724699107065825,0.2637428939342499,0
TCGA-FP-8211-01A,0.5035442113876343,0.14428064227104187,0.43568314395274926,0.3973855509868621,2.830656565732902,0.338334858417511,1
TCGA-CD-A489-01A,0.5014652013778687,0.12990275025367737,0.3849280778200127,0.3597773039226174,2.9730657140081784,0.3028762638568878,1
TCGA-VQ-A8PB-01A,0.44054803252220154,0.10966997593641281,0.2829356150275531,0.3878131757103042,3.1059356427991895,0.34718236327171326,1
TCGA-D7-A4YT-01A,0.4326867163181305,0.12689906358718872,0.3292236390638603,0.44905259384442053,2.971395976512231,0.23156578838825226,0
TCGA-3M-AB47-01A,0.47136786580085754,0.11523404717445374,0.33536510941450476,0.36513183295761664,3.0952534671855707,0.40408387780189514,1
TCGA-BR-4188-01A,0.2749845087528229,0.09226283431053162,0.12424921918795548,0.6091134780171378,2.5039828697245747,0.24936023354530334,0
TCGA-D7-A4YV-01A,0.4675033986568451,0.1048584133386612,0.2871367187403702,0.3381076463787123,3.1385238845421375,0.5108570456504822,1
TCGA-BR-4362-01A,0.2776585519313812,0.09250828623771667,0.1343163968584709,0.6116765507292835,2.548183301230444,0.3365634083747864,1
TCGA-BR-4357-11A,0.2725290358066559,0.10212677717208862,0.16663334266405405,0.6548566401407606,2.510423033658525,0.265230655670166,0
TCGA-R5-A7O7-01A,0.446499228477478,0.11470210552215576,0.3202280264787757,0.40434475685611154,3.056534864199453,0.3262856900691986,1
TCGA-VQ-A91S-01A,0.4923461973667145,0.12907055020332336,0.3842536126291727,0.3734250025358294,3.0103787225219065,0.27213233709335327,0
TCGA-BR-A4J5-01A,0.49450597167015076,0.12292428314685822,0.38117761307703113,0.35194062885889,3.0433822716128303,0.34045395255088806,1
TCGA-BR-4368-01A,0.296895831823349,0.10080971568822861,0.1510788497587046,0.5868464084872174,2.581602725481567,0.34188780188560486,1
TCGA-F1-A448-01A,0.49816131591796875,0.11454309523105621,0.3613591987056161,0.3374981776814372,3.0977709172683894,0.4388570785522461,1
TCGA-VQ-A928-01A,0.504164457321167,0.13074356317520142,0.40918932974320715,0.3621661292008,2.9605160366157994,0.39845794439315796,1
TCGA-BR-A44T-01A,0.5189207196235657,0.13580222427845,0.44598746700748026,0.3712274288325467,2.9456114014251136,0.3109450042247772,1
TCGA-BR-6455-01A,0.5181979537010193,0.11798329651355743,0.38928333459436637,0.3200770287784007,3.102470888481626,0.47969621419906616,1
TCGA-IN-A6RJ-01A,0.47180384397506714,0.12094183266162872,0.3642697693296354,0.3872249309237742,3.058888439533158,0.37381044030189514,1
TCGA-BR-8682-01A,0.5086608529090881,0.12501227855682373,0.3932719109933876,0.345775580555861,3.011454759234632,0.38296371698379517,1
TCGA-MX-A5UJ-01A,0.48698657751083374,0.11547359824180603,0.35139657930355606,0.3480201796480866,3.094050248338094,0.42110249400138855,1
TCGA-BR-7958-01A,0.5263141393661499,0.11587126553058624,0.38977085499383657,0.29720582523803435,3.05163981538111,0.36388301849365234,1
TCGA-VQ-A927-01A,0.4699157774448395,0.12457756698131561,0.37254617803104734,0.40372617410100214,3.035518928681804,0.24826371669769287,0
TCGA-D7-8575-01A,0.5166586637496948,0.1378287822008133,0.4456671047453575,0.36974831512955497,2.893269759155405,0.3289158046245575,1
TCGA-IN-AB1X-01A,0.5049519538879395,0.11763197183609009,0.38325670649289145,0.3308034965517922,3.0689114382962575,0.32595330476760864,1
