,MLH1_promoter_mean,MLH1_promoter_max,CDH1_promoter_mean,CDH1_promoter_max,CDKN2A_promoter_mean,CDKN2A_promoter_max,MGMT_promoter_mean,MGMT_promoter_max,BRCA1_promoter_mean,BRCA1_promoter_max
TCGA-RD-A8N0-01A,0.038145777148505054,0.053227026015520096,0.4845536947250366,0.7216280102729797,0.2385574821382761,0.5408298969268799,0.01448434079065919,0.01580512709915638,0.04446982033550739,0.053327448666095734
TCGA-D7-A6EZ-01A,0.04130769691740473,0.08470308780670166,0.7238233089447021,0.7745349407196045,0.550294041633606,0.7802209854125977,0.01382580865174532,0.016358889639377594,0.04272671788930893,0.054184067994356155
TCGA-BR-A4IZ-01A,0.04108725907281041,0.10012205690145493,0.49479283889134723,0.7565798759460449,0.285531597211957,0.7144328355789185,0.011898673605173826,0.013788102194666862,0.05827178992331028,0.08472609519958496
TCGA-D7-6820-01A,0.06955265626311302,0.17251288890838623,0.48263312379519147,0.7460529804229736,0.3824443407356739,0.6291560530662537,0.013324853964149952,0.014994155615568161,0.05398719944059849,0.06925477832555771
TCGA-B7-A5TI-01A,0.03961928002536297,0.06203167885541916,0.5452255507310232,0.8524209260940552,0.3782079145312309,0.7324292659759521,0.012802358716726303,0.015335517935454845,0.03732664883136749,0.03913174197077751
TCGA-BR-A453-01A,0.23782569666703543,0.32698994874954224,0.5383792718251547,0.7977427840232849,0.34535374864935875,0.6933832168579102,0.20120979845523834,0.2993212938308716,0.04774587322026491,0.0661005899310112
TCGA-BR-8592-01A,0.043100439788152776,0.07795850932598114,0.5912492275238037,0.817941427230835,0.4312160685658455,0.7709574699401855,0.04593919776380062,0.06770592927932739,0.04719608463346958,0.062027715146541595
TCGA-D7-6520-01A,0.04394006604949633,0.06310587376356125,0.5490681603550911,0.8855282664299011,0.3732928584019343,0.5924002528190613,0.013798518106341362,0.015620768070220947,0.049540188163518906,0.0653027594089508
TCGA-B7-A5TN-01A,0.04113153430322806,0.08298895508050919,0.46786631147066754,0.9397720098495483,0.45665019378066063,0.7293155789375305,0.013060285709798336,0.015140237286686897,0.35149869322776794,0.38801494240760803
TCGA-D7-6524-01A,0.04128757119178772,0.05399163067340851,0.5095386803150177,0.6801162958145142,0.37575502693653107,0.5365720987319946,0.012925573624670506,0.01362014189362526,0.051375177688896656,0.07160995155572891
TCGA-HU-A4HD-01A,0.027595222741365433,0.04022151604294777,0.6942411959171295,0.8349733352661133,0.38741204142570496,0.6907454133033752,0.016039832029491663,0.02252352423965931,0.08501600474119186,0.13833223283290863
TCGA-CD-A48A-01A,0.04622177251925071,0.06730402261018753,0.7774534622828165,0.9255368113517761,0.7228846848011017,0.7571030855178833,0.016515929251909256,0.016611846163868904,0.046531883999705315,0.05280360206961632
TCGA-BR-A4IY-01A,0.02261592634022236,0.037057843059301376,0.7075665593147278,0.82086580991745,0.5227104648947716,0.6604946255683899,0.01200875360518694,0.01645110361278057,0.033904075622558594,0.033904075622558594
TCGA-BR-8286-01A,0.03769014170393348,0.06168697029352188,0.7218770186106364,0.8509452939033508,0.3718376662582159,0.658052921295166,0.5466078817844391,0.5763015747070312,0.04987430386245251,0.06734075397253036
TCGA-BR-8589-01A,0.03628943379347523,0.05860520526766777,0.7111155788103739,0.7529488801956177,0.6622735410928726,0.9133188128471375,0.013543229550123215,0.015706712380051613,0.04614335484802723,0.056293223053216934
TCGA-D7-A6EV-01A,0.5347321232159933,0.6306025981903076,0.6784441669782003,0.7775155305862427,0.39422954991459846,0.5424202680587769,0.012136757373809814,0.013980326242744923,0.04383754823356867,0.056968796998262405
TCGA-VQ-AA6A-01A,0.04453215220322212,0.07870075851678848,0.677718828121821,0.8780156373977661,0.5685839951038361,0.8179049491882324,0.013760172761976719,0.015048923902213573,0.05433117225766182,0.07212819159030914
TCGA-HU-8244-01A,0.12416983318204682,0.5556871294975281,0.8890406688054403,0.9539366960525513,0.5602898187935352,0.8714913725852966,0.016074538230895996,0.018574608489871025,0.048090722411870956,0.06404087692499161
TCGA-VQ-A8DV-01A,0.03750156797468662,0.06732577830553055,0.5413581108053526,0.7874190807342529,0.4231860637664795,0.6956712007522583,0.015000668819993734,0.01719778962433338,0.049567900598049164,0.05845421552658081
TCGA-VQ-A91U-01A,0.03963470800469319,0.054946042597293854,0.5756318420171738,0.8870571255683899,0.4253832995891571,0.8387022018432617,0.011713493149727583,0.01200163271278143,0.050039440393447876,0.06691989302635193
TCGA-BR-8369-01A,0.40842970212300617,0.5034039616584778,0.6520243684450785,0.8315781354904175,0.3725944757461548,0.7363349795341492,0.012607671786099672,0.01435221079736948,0.04164004139602184,0.054781168699264526
TCGA-FP-7916-01A,0.04295372124761343,0.07544608414173126,0.6205863356590271,0.751008927822113,0.4886298254132271,0.750298261642456,0.14012028276920319,0.2631645202636719,0.04537845402956009,0.060110606253147125
TCGA-HU-A4H5-01A,0.07508717440068721,0.27052417397499084,0.722804069519043,0.9206182956695557,0.40202968567609787,0.6272113919258118,0.01061395462602377,0.013531104661524296,0.06378225982189178,0.06378225982189178
TCGA-HU-A4GX-01A,0.5656593561172485,0.6446284651756287,0.6419041156768799,0.862971842288971,0.5770874520142873,0.9478390216827393,0.013270937837660313,0.018308991566300392,0.06627798825502396,0.06627798825502396
TCGA-FP-A8CX-01A,0.03712288662791252,0.05397392436861992,0.6288576722145081,0.7840226888656616,0.3937299884855747,0.6799367666244507,0.01961642876267433,0.019817432388663292,0.05026314966380596,0.06362482160329819
TCGA-B7-A5TK-01A,0.05233762599527836,0.15967561304569244,0.5290524661540985,0.6654469966888428,0.4610363319516182,0.8101215958595276,0.014968361239880323,0.0158328115940094,0.03963308967649937,0.05130822956562042
TCGA-EQ-5647-01A,0.04170929379761219,0.059597451239824295,0.6176764170328776,0.8806754350662231,0.6839767495791117,0.888465940952301,0.40415604412555695,0.4420825242996216,0.05568244867026806,0.06483741104602814
TCGA-VQ-A91K-01A,0.61881422996521,0.8526342511177063,0.7557117740313212,0.8247444033622742,0.6379901543259621,0.8781893849372864,0.5219231396913528,0.5443850755691528,0.05902368761599064,0.07960006594657898
TCGA-HU-A4GU-01A,0.7487185398737589,0.862623929977417,0.8471435010433197,0.9129192233085632,0.4283771216869354,0.799638569355011,0.4600454121828079,0.4928145408630371,0.04419191926717758,0.04419191926717758
TCGA-HU-A4H8-01A,0.7002366781234741,0.8648932576179504,0.790742963552475,0.9270278811454773,0.6952532604336739,0.9695515036582947,0.4943881928920746,0.4967879056930542,0.04266870766878128,0.04266870766878128
TCGA-CD-8527-01A,0.5009940788149834,0.5983567237854004,0.7746474742889404,0.9217971563339233,0.33585767447948456,0.6421064138412476,0.012017788831144571,0.013642245903611183,0.04687365144491196,0.06432747095823288
TCGA-CG-4437-01A,0.04419724363833666,0.07219982147216797,0.6797547539075216,0.7361913323402405,0.5991183146834373,0.7725896239280701,0.012466775253415108,0.014063206501305103,0.04517345689237118,0.0608588308095932
TCGA-BR-8380-01A,0.036723580521841846,0.053475625813007355,0.5839102864265442,0.8217483162879944,0.43777642399072647,0.8000953793525696,0.01536840945482254,0.017265236005187035,0.046536585316061974,0.062404241412878036
TCGA-BR-A44U-01A,0.03981990615526835,0.05598950758576393,0.7748623887697855,0.8837330937385559,0.601264476776123,0.6751006245613098,0.015162341762334108,0.018111098557710648,0.042414698749780655,0.05448432266712189
TCGA-CD-A486-01A,0.04715258814394474,0.06179673597216606,0.5793985525767008,0.9105585813522339,0.44747871346771717,0.7264244556427002,0.019031771458685398,0.021160967648029327,0.056876178830862045,0.07035735994577408
TCGA-BR-8080-01A,0.06233069859445095,0.14010511338710785,0.6410724322001139,0.7898519039154053,0.37595868296921253,0.6470075249671936,0.011852012481540442,0.012653134763240814,0.04762713052332401,0.06711610406637192
TCGA-BR-A452-01A,0.058842409091691174,0.1184968501329422,0.5985980381568273,0.8558188676834106,0.2563147875480354,0.6170096397399902,0.012229331769049168,0.015425018966197968,0.06241064425557852,0.09618067741394043
TCGA-BR-A4QL-01A,0.770400861899058,0.8619887232780457,0.8626308143138885,0.9364138841629028,0.6598248444497585,0.9424561262130737,0.5097135901451111,0.5114015936851501,0.04459769278764725,0.04459769278764725
TCGA-BR-7717-01A,0.04058720699201027,0.059261977672576904,0.6932897369066874,0.8493889570236206,0.40912680327892303,0.46331751346588135,0.05236121825873852,0.05380577966570854,0.05164252407848835,0.0713917464017868
TCGA-F1-A72C-01A,0.04473291492710511,0.09023743867874146,0.5209432418147723,0.8011452555656433,0.3843637779355049,0.4878205955028534,0.014461434446275234,0.018077697604894638,0.06825310364365578,0.09108123183250427
TCGA-BR-8059-01A,0.045003971084952354,0.0640929788351059,0.4985334227482478,0.7756945490837097,0.3445775955915451,0.678229033946991,0.03786589577794075,0.04640091583132744,0.04747171048074961,0.0645124688744545
TCGA-BR-8367-01A,0.05303917173296213,0.1320149004459381,0.5376094480355581,0.7983128428459167,0.4650263637304306,0.8379186987876892,0.41155603528022766,0.45138704776763916,0.04512128233909607,0.06214118376374245
TCGA-IN-A6RL-01A,0.0449163947875301,0.09682496637105942,0.7318784594535828,0.8617737889289856,0.3269464783370495,0.4392194449901581,0.01559487683698535,0.01801447570323944,0.05307586118578911,0.06384123116731644
TCGA-D7-A748-01A,0.043235961037377514,0.09066713601350784,0.5684174299240112,0.6791378259658813,0.2327466756105423,0.3784843385219574,0.01501861261203885,0.01766560785472393,0.06591135635972023,0.08284828811883926
TCGA-BR-6452-01A,0.5564911315838496,0.6769798994064331,0.5856761932373047,0.7998319864273071,0.5733073875308037,0.7335211038589478,0.4588952362537384,0.4782259464263916,0.040552036836743355,0.0501762218773365
TCGA-HU-A4GD-01A,0.027522279322147368,0.0423000194132328,0.5612882748246193,0.8973047733306885,0.6263000443577766,0.9248073697090149,0.015034257434308529,0.020998410880565643,0.03247622773051262,0.03247622773051262
TCGA-BR-6802-01A,0.42773260672887164,0.5044487714767456,0.5520471135775248,0.6319748163223267,0.43348488211631775,0.5412460565567017,0.015651237219572067,0.016721591353416443,0.04088069498538971,0.04984882101416588
TCGA-CG-5719-01A,0.058380732933680214,0.11586251854896545,0.5869089961051941,0.7576899528503418,0.3175009936094284,0.3553828299045563,0.016475298441946507,0.017104947939515114,0.05517071112990379,0.06481308490037918
TCGA-BR-8078-01A,0.6194922427336375,0.7442068457603455,0.7483802835146586,0.795107901096344,0.6469473540782928,0.8431994915008545,0.1302643045783043,0.16174393892288208,0.05116463638842106,0.06671193242073059
TCGA-BR-8364-01A,0.038225462194532156,0.059629980474710464,0.4639055207371712,0.761501133441925,0.28000276908278465,0.683540403842926,0.012495150789618492,0.014924476854503155,0.043010550551116467,0.05874859169125557
TCGA-D7-6522-01A,0.04264450632035732,0.06998031586408615,0.5180953542391459,0.6957264542579651,0.24874800816178322,0.4695269465446472,0.27054354548454285,0.32234662771224976,0.04163161292672157,0.050066668540239334
TCGA-3M-AB46-01A,0.04732535562167565,0.07180487364530563,0.5107305025060972,0.8250371813774109,0.4282800455888112,0.6593416333198547,0.011411115992814302,0.012060359120368958,0.04506640322506428,0.06004566326737404
TCGA-CD-5799-01A,0.04778263457119465,0.06740327179431915,0.37994058926900226,0.834165632724762,0.41582312683264416,0.8152949810028076,0.016612102277576923,0.018234997987747192,0.09271824732422829,0.13485372066497803
TCGA-IN-A6RO-01A,0.04698433354496956,0.08712161332368851,0.8654604156812032,0.9377700686454773,0.5468457092841467,0.8113067150115967,0.011760645546019077,0.014607599005103111,0.050914980471134186,0.050914980471134186
TCGA-VQ-A8P5-01A,0.040311867371201515,0.06857746839523315,0.662512997786204,0.6965245008468628,0.34726713597774506,0.5983080863952637,0.012156791053712368,0.012683653272688389,0.028712499886751175,0.030859239399433136
TCGA-IP-7968-01A,0.04368562499682108,0.06356418877840042,0.7467895944913229,0.878547728061676,0.6179825067520142,0.7332902550697327,0.4887115806341171,0.5137233734130859,0.047566959634423256,0.06273030489683151
TCGA-BR-6565-01A,0.04510373529046774,0.06663316488265991,0.49743103484312695,0.7580156922340393,0.36102344840765,0.8668604493141174,0.013969440013170242,0.015450041741132736,0.02967163175344467,0.03604312241077423
TCGA-HU-A4G6-01A,0.038654147647321224,0.061469610780477524,0.8738707701365153,0.9270045161247253,0.810083419084549,0.9629096388816833,0.01655722502619028,0.016644665971398354,0.05331447906792164,0.07770159095525742
TCGA-D7-6528-01A,0.04556855419650674,0.06621884554624557,0.6599763631820679,0.775827169418335,0.5396595671772957,0.7778705954551697,0.012869355734437704,0.013784639537334442,0.05933532863855362,0.08388704806566238
TCGA-HU-A4GT-01A,0.7320506374041239,0.8806024789810181,0.8395959734916687,0.923534095287323,0.6998235434293747,0.8601524233818054,0.018217756878584623,0.02274669148027897,0.03728116676211357,0.03728116676211357
TCGA-BR-6705-01A,0.04279952775686979,0.0587090328335762,0.5194262464841207,0.7225319147109985,0.35035979747772217,0.6772032976150513,0.2833520844578743,0.35045111179351807,0.040649537928402424,0.052718810737133026
TCGA-B7-5816-01A,0.42982877790927887,0.5554850697517395,0.6045619050661722,0.7219093441963196,0.39039289578795433,0.5685357451438904,0.3601153939962387,0.4035027027130127,0.06873714737594128,0.09634151309728622
TCGA-D7-5579-01A,0.08130585588514805,0.13177058100700378,0.5349458654721578,0.6884173154830933,0.29313937822977704,0.32059890031814575,0.020755852572619915,0.02154896967113018,0.07421020232141018,0.10461397469043732
TCGA-BR-8384-01A,0.09344194705287616,0.21696847677230835,0.5425364275773367,0.8018923997879028,0.34604353085160255,0.7453423142433167,0.014872280415147543,0.015243823640048504,0.04621891863644123,0.06311511248350143
TCGA-BR-8360-01A,0.617924690246582,0.7993664145469666,0.7443080147107443,0.8188219666481018,0.6067907959222794,0.7887709140777588,0.012361979112029076,0.013750433921813965,0.04459643177688122,0.056538622826337814
TCGA-BR-6454-01A,0.03644165055205425,0.04667753353714943,0.47421324998140335,0.7216292023658752,0.25133810192346573,0.3780343234539032,0.014016806147992611,0.016529755666851997,0.046269750222563744,0.05261940136551857
TCGA-BR-8060-01A,0.03988472123940786,0.060740482062101364,0.37304044018189114,0.8797085881233215,0.33377789333462715,0.7585821747779846,0.015640118159353733,0.016178209334611893,0.05236465483903885,0.07241636514663696
TCGA-BR-A4CR-01A,0.0448195186133186,0.059624068439006805,0.6387467185656229,0.9197909235954285,0.35602530278265476,0.8663591146469116,0.05661795288324356,0.06176130473613739,0.0540767852216959,0.06799320876598358
TCGA-CD-A48C-01A,0.03862249587352077,0.05535372346639633,0.7534159223238627,0.9592632055282593,0.47922057285904884,0.7010217905044556,0.4928959161043167,0.49914997816085815,0.04846518114209175,0.06354629993438721
TCGA-VQ-A91E-01A,0.41006794571876526,0.46761584281921387,0.6478857000668844,0.7576302289962769,0.5262376964092255,0.8093306422233582,0.011730552650988102,0.013006271794438362,0.0548751512542367,0.07979009300470352
TCGA-BR-8365-01A,0.04327704447011153,0.05963096022605896,0.46481479704380035,0.8210936784744263,0.35848433524370193,0.7262542247772217,0.017996310722082853,0.020790623500943184,0.05096881836652756,0.06890443712472916
TCGA-VQ-AA68-01A,0.04059097015609344,0.05542843043804169,0.7273104389508566,0.8115266561508179,0.26855020225048065,0.39144667983055115,0.3347010910511017,0.3842661678791046,0.037414729595184326,0.047891128808259964
TCGA-BR-7715-01A,0.036770494344333805,0.05383376032114029,0.8208831350008646,0.9496109485626221,0.5125881731510162,0.7801494598388672,0.013714123982936144,0.014989836141467094,0.05954700708389282,0.08109760284423828
TCGA-HU-8245-01A,0.04364659730345011,0.06791149824857712,0.5594929059346517,0.8017576336860657,0.2706856280565262,0.5500608682632446,0.015331652015447617,0.016066428273916245,0.04083123989403248,0.04734516888856888
TCGA-HU-A4GC-01A,0.029619052819907666,0.04536360129714012,0.6428042352199554,0.9220480918884277,0.518079936504364,0.7310373783111572,0.013494890183210373,0.01781475730240345,0.055018167942762375,0.055018167942762375
TCGA-BR-6453-01A,0.040398435977598034,0.05805592238903046,0.5530446370442709,0.6959173679351807,0.3640162944793701,0.4982489347457886,0.24092911928892136,0.285909503698349,0.04848021641373634,0.05805554986000061
TCGA-CD-A487-01A,0.046894894602398075,0.06269939243793488,0.5843480428059896,0.7102461457252502,0.3742872588336468,0.5802655220031738,0.017160520423203707,0.02034868486225605,0.049404243007302284,0.06632432341575623
TCGA-R5-A7ZI-01A,0.06053846826155981,0.09559530764818192,0.5198368032773336,0.6657366156578064,0.37777418084442616,0.6347717642784119,0.01614535041153431,0.016534727066755295,0.06092916801571846,0.0658891573548317
TCGA-CG-5734-01A,0.07533403175572555,0.18088115751743317,0.5927704672018687,0.7799093127250671,0.4164063632488251,0.5636306405067444,0.01711731217801571,0.017587123438715935,0.07057756185531616,0.1004122719168663
TCGA-R5-A7ZE-01B,0.051720241705576576,0.07415386289358139,0.6629521052042643,0.8210383057594299,0.41581420227885246,0.656548023223877,0.4710811376571655,0.47801247239112854,0.05752568319439888,0.07357249408960342
TCGA-BR-6801-01A,0.04461899554977814,0.057915642857551575,0.5642787317434946,0.8780959844589233,0.6326320543885231,0.7855725288391113,0.01679332321509719,0.018651986494660378,0.04886069893836975,0.06618338078260422
TCGA-BR-7851-01A,0.5556050936381022,0.693340539932251,0.7231425444285074,0.8251290917396545,0.6848257631063461,0.8186740279197693,0.42246297001838684,0.45805054903030396,0.057384361512959,0.0838390439748764
TCGA-BR-8485-01A,0.041503871170183025,0.057185813784599304,0.6345942219098409,0.8711209893226624,0.4428725726902485,0.5930323600769043,0.01784768421202898,0.018387846648693085,0.05690585821866989,0.07772937417030334
TCGA-BR-8484-01A,0.036524373261878885,0.05514783784747124,0.4984930157661438,0.8652238249778748,0.41037215292453766,0.5862147808074951,0.013932772912085056,0.016590964049100876,0.057912904769182205,0.08161982893943787
TCGA-BR-A4QM-01A,0.03410330340266228,0.05506400763988495,0.7151345610618591,0.8109371066093445,0.5783202424645424,0.8717038631439209,0.451645165681839,0.4584982991218567,0.07870076317340136,0.12818196415901184
TCGA-HU-A4H2-01A,0.024748577363789083,0.035447005182504654,0.7490371068318685,0.8470055460929871,0.3128474671393633,0.4896618127822876,0.18395653367042542,0.3147515654563904,0.03040875680744648,0.03040875680744648
TCGA-BR-A4PF-01A,0.02681427411735058,0.04037318378686905,0.7739695608615875,0.8460898995399475,0.37202050536870956,0.6672027707099915,0.013021578546613455,0.01498505286872387,0.043152566999197006,0.043152566999197006
TCGA-VQ-A91Q-01A,0.04464789448926846,0.07445210218429565,0.6754684845606486,0.8768049478530884,0.4188448190689087,0.45744141936302185,0.012230905704200268,0.012481446377933025,0.04820325784385204,0.0594012476503849
TCGA-IN-A6RS-01A,0.04147492814809084,0.0769834890961647,0.6114794413248698,0.6888079047203064,0.43297648429870605,0.44732218980789185,0.38731952011585236,0.4228987395763397,0.05226797237992287,0.07016127556562424
TCGA-BR-8382-01A,0.4551388720671336,0.5246325135231018,0.5906938711802164,0.6782892942428589,0.4004399701952934,0.5753544569015503,0.40902118384838104,0.47639787197113037,0.05066183768212795,0.06993511319160461
TCGA-VQ-A8P8-01A,0.06395347819974025,0.19497796893119812,0.6005124350388845,0.6993314623832703,0.47479576617479324,0.7452097535133362,0.018772372044622898,0.02075350657105446,0.042729705572128296,0.05331644043326378
TCGA-D7-A747-01A,0.04505534889176488,0.08595789223909378,0.490794579188029,0.7414117455482483,0.3407638520002365,0.8200070261955261,0.4553631544113159,0.5776905417442322,0.07758867368102074,0.116896852850914
TCGA-EQ-A4SO-01A,0.02647081818431616,0.03791563957929611,0.490021500736475,0.9016027450561523,0.7057735522588094,0.9442346096038818,0.012172299437224865,0.01539620291441679,0.044792540371418,0.044792540371418
TCGA-BR-A4J7-01A,0.03311263248324394,0.05985252931714058,0.6626685261726379,0.7909778952598572,0.4550836384296417,0.869525134563446,0.013798550236970186,0.019127633422613144,0.05212976410984993,0.05212976410984993
TCGA-FP-8099-01A,0.03557632754867276,0.06421773135662079,0.7713461319605509,0.9143906831741333,0.3832653711239497,0.6697804927825928,0.4351247549057007,0.43533989787101746,0.047757482156157494,0.06348094344139099
TCGA-VQ-A8E0-01A,0.04073895669231812,0.07661212980747223,0.47654010107119876,0.717333197593689,0.39596347138285637,0.5291348099708557,0.012253012042492628,0.014610175974667072,0.05329391360282898,0.07573213428258896
TCGA-IN-A6RR-01A,0.039734494096289076,0.09741739183664322,0.7868884205818176,0.8862754106521606,0.35970478877425194,0.6345844864845276,0.6211000978946686,0.6529470682144165,0.0757414884865284,0.097025565803051
TCGA-VQ-A924-01A,0.4919895778099696,0.6504586935043335,0.6656078298886617,0.7310142517089844,0.6364510158697764,0.8452886939048767,0.4003603905439377,0.4069666862487793,0.04420895967632532,0.057899363338947296
TCGA-R5-A804-01A,0.036668474630763136,0.0566556490957737,0.49974862734476727,0.7791421413421631,0.5101740434765816,0.7930752635002136,0.020542330108582973,0.021874962374567986,0.04850931279361248,0.06447146087884903
TCGA-BR-7957-01A,0.03959595846633116,0.05319564789533615,0.5365725159645081,0.7560281157493591,0.3553233966231346,0.6502218246459961,0.2836321294307709,0.3391737639904022,0.04680655803531408,0.06267466396093369
TCGA-BR-8590-01A,0.039098723170657955,0.05931989103555679,0.6125499407450358,0.8418807983398438,0.36755699291825294,0.6121907830238342,0.018307749181985855,0.01897169090807438,0.07048760447651148,0.11093254387378693
TCGA-BR-8687-01A,0.04221212025731802,0.053775303065776825,0.7115768492221832,0.9083852767944336,0.4133664146065712,0.6195923089981079,0.020877305883914232,0.02710992656648159,0.05788908340036869,0.07361949980258942
TCGA-BR-A4J2-01A,0.023363135755062103,0.038530729711055756,0.5845064371824265,0.7204998731613159,0.2859128247946501,0.6353048086166382,0.01207305770367384,0.016019100323319435,0.08037147112190723,0.12281535565853119
TCGA-D7-A6ET-01A,0.034724188347657524,0.07543075084686279,0.5115854740142822,0.6611599922180176,0.2930460497736931,0.657370924949646,0.09493764489889145,0.11217519640922546,0.059157826006412506,0.07494426518678665
TCGA-CD-A4MG-01A,0.6232199907302857,0.6784043312072754,0.8039728701114655,0.8967058658599854,0.6888039112091064,0.7639698386192322,0.015033283270895481,0.020421545952558517,0.07503717392683029,0.07503717392683029
TCGA-D7-5577-01A,0.10071889590471983,0.3409932851791382,0.6831295688947042,0.7415161728858948,0.5888560339808464,0.8525916337966919,0.35548074543476105,0.4059174954891205,0.0601345170289278,0.08174914121627808
TCGA-BR-8683-01A,0.055827684700489044,0.1137862429022789,0.6883602539698283,0.7587568163871765,0.3985779695212841,0.7033954858779907,0.014570717699825764,0.01659528911113739,0.04257996194064617,0.057017602026462555
TCGA-VQ-A8PF-01A,0.03922756854444742,0.04491845518350601,0.6640011072158813,0.748866617679596,0.4974890276789665,0.8182817697525024,0.012359673157334328,0.013541814871132374,0.049031103029847145,0.06652766466140747
TCGA-CD-8526-01A,0.04386260857184728,0.10620331764221191,0.6362487475077311,0.8177875876426697,0.32544002681970596,0.45246708393096924,0.013558797538280487,0.015848509967327118,0.07670115493237972,0.11497321724891663
TCGA-BR-7723-01A,0.03924084780737758,0.05597430467605591,0.6402285297711691,0.8627337217330933,0.4593862723559141,0.5908212065696716,0.014302101451903582,0.016160232946276665,0.04668666794896126,0.059744082391262054
TCGA-BR-8591-01A,0.5921327670415243,0.6806038022041321,0.7166260282198588,0.7746803164482117,0.6542520821094513,0.82935631275177,0.015247282572090626,0.019501879811286926,0.05971687287092209,0.08551863580942154
TCGA-IN-8663-01A,0.03844450848797957,0.055228542536497116,0.8599392374356588,0.9633016586303711,0.5624921135604382,0.9051523208618164,0.6916952133178711,0.6923633217811584,0.05394160374999046,0.07159364223480225
TCGA-D7-6817-01A,0.04508409587045511,0.08189206570386887,0.4257848709821701,0.7790406346321106,0.3393602017313242,0.7137187719345093,0.014498603995889425,0.017020169645547867,0.038574812933802605,0.04692807421088219
TCGA-IN-A7NU-01A,0.04287644320478042,0.07883220165967941,0.6488449970881144,0.7387951612472534,0.3267490491271019,0.38725510239601135,0.45885246992111206,0.4787922203540802,0.04904903843998909,0.05055686831474304
TCGA-VQ-A8DL-01A,0.040548210653165974,0.06033521145582199,0.4791855812072754,0.7085424661636353,0.2772570848464966,0.39628899097442627,0.0166139155626297,0.018335815519094467,0.07576286047697067,0.10939019173383713
TCGA-CG-5727-01A,0.04890677177657684,0.06830402463674545,0.6361352503299713,0.71732097864151,0.45678067207336426,0.5622739791870117,0.018480520695447922,0.019885998219251633,0.07189519889652729,0.09899614751338959
TCGA-VQ-A922-01A,0.049789302671949066,0.09521254152059555,0.5751091341177622,0.8950215578079224,0.2216357241074244,0.3269399106502533,0.015072511974722147,0.01547392550855875,0.039741670712828636,0.048250962048769
TCGA-BR-8285-01A,0.034409397126485906,0.055194638669490814,0.5866926908493042,0.6764477491378784,0.3905020169913769,0.6973114013671875,0.012515329290181398,0.014004254713654518,0.053459955379366875,0.07190531492233276
TCGA-HU-A4GP-01A,0.0568801149725914,0.18097805976867676,0.6915740966796875,0.9277830123901367,0.44810862466692924,0.6881259679794312,0.013425386976450682,0.01729772239923477,0.03931166231632233,0.03931166231632233
TCGA-CD-5804-01A,0.04385597196718057,0.0692356750369072,0.47461414833863574,0.7008305788040161,0.2759311571717262,0.48082250356674194,0.015857230871915817,0.018834209069609642,0.05726535990834236,0.07963305711746216
TCGA-VQ-AA64-01A,0.048865475691854954,0.09131815284490585,0.544113777577877,0.821121335029602,0.33970139424006146,0.4672769606113434,0.012689191848039627,0.013095882721245289,0.07708007097244263,0.11847753077745438
TCGA-BR-7707-01A,0.4824471672375997,0.6234750747680664,0.6187412937482198,0.6732379198074341,0.5994957014918327,0.7307454347610474,0.014821699354797602,0.018096478655934334,0.0688814539462328,0.09525471925735474
TCGA-CG-5721-01A,0.0625618938356638,0.11419030278921127,0.601790597041448,0.7280478477478027,0.30051200836896896,0.40726348757743835,0.019638316705822945,0.02243342436850071,0.07956074550747871,0.10563633590936661
TCGA-D7-A74B-01A,0.04354716061304013,0.09533366560935974,0.4076470583677292,0.7021352052688599,0.3063794691115618,0.8376917839050293,0.2876318246126175,0.2924107015132904,0.07216400094330311,0.10235554724931717
TCGA-HU-8604-01A,0.2407021795709928,0.3277900815010071,0.6188403566678365,0.7085269093513489,0.4887406900525093,0.7191219329833984,0.015711164567619562,0.01744828000664711,0.045024437829852104,0.055120524019002914
TCGA-BR-8381-01A,0.039876025480528675,0.0628012865781784,0.6310128569602966,0.6974331140518188,0.51750797778368,0.7688144445419312,0.36193181574344635,0.39577940106391907,0.0431941756978631,0.05765501409769058
TCGA-FP-7735-01A,0.04001641273498535,0.06459613889455795,0.6459497213363647,0.8042236566543579,0.38732119277119637,0.5480301976203918,0.015030174516141415,0.016730593517422676,0.042467597872018814,0.05595924332737923
TCGA-CG-5720-01A,0.04895556252449751,0.08483907580375671,0.6704072753588358,0.7594026923179626,0.40092141926288605,0.4706093966960907,0.014680539723485708,0.015076625160872936,0.054411111399531364,0.07324676215648651
TCGA-IN-A6RN-01A,0.052321995298067726,0.15447774529457092,0.5006519239395857,0.9411083459854126,0.2987053543329239,0.3557893931865692,0.016803008038550615,0.021451326087117195,0.046960487961769104,0.046960487961769104
TCGA-HU-A4G8-01A,0.5521737535794576,0.7244515419006348,0.7571371793746948,0.8722912669181824,0.5076371096074581,0.9000154137611389,0.025779939256608486,0.036808401346206665,0.05252477154135704,0.07539846748113632
TCGA-HU-A4GJ-01A,0.02824547402560711,0.03372013196349144,0.6345020532608032,0.8309909701347351,0.38409993052482605,0.6188581585884094,0.035302337259054184,0.040600281208753586,0.06293638050556183,0.06293638050556183
TCGA-D7-8574-01A,0.03523098879183332,0.05157797783613205,0.4648128350575765,0.7597853541374207,0.3504514694213867,0.6723045706748962,0.31403812766075134,0.3600238859653473,0.04521265346556902,0.06219674274325371
TCGA-BR-6456-01A,0.043926872313022614,0.055674340575933456,0.4525185426076253,0.795519232749939,0.3510591182857752,0.5282488465309143,0.012496615760028362,0.014821520075201988,0.05194932874292135,0.07340388000011444
TCGA-VQ-A923-01A,0.0386600016305844,0.05145649239420891,0.7191254695256551,0.7882815599441528,0.6074304978052775,0.8982244729995728,0.0141387521289289,0.016064675524830818,0.03913855645805597,0.04883944243192673
TCGA-F1-6177-01A,0.7247509161631266,0.7395675182342529,0.7690694431463877,0.9234296083450317,0.7478848993778229,0.8924151659011841,0.013954505324363708,0.015145286917686462,0.042377700097858906,0.05408107861876488
TCGA-HU-A4GF-01A,0.07567001755038898,0.21807733178138733,0.7312514781951904,0.8167851567268372,0.4277110807597637,0.6945679783821106,0.017614400945603848,0.018237901851534843,0.05833510495722294,0.07993299514055252
TCGA-BR-7196-01A,0.0384403724844257,0.0580282136797905,0.5597943464914957,0.6759400963783264,0.3346547521650791,0.6904785633087158,0.04907558858394623,0.07965237647294998,0.04083561152219772,0.045902542769908905
TCGA-BR-6457-01A,0.05714405576388041,0.09899475425481796,0.5172119041283926,0.7478557825088501,0.2973492182791233,0.6140539050102234,0.03170206304639578,0.04673459380865097,0.050288948230445385,0.07028505206108093
TCGA-KB-A93H-01A,0.047335745145877205,0.0775553286075592,0.7886735002199808,0.9099870324134827,0.5288767339661717,0.8508631587028503,0.4029811918735504,0.43418174982070923,0.05640170630067587,0.08341322839260101
TCGA-VQ-A8PO-01A,0.5089646975199381,0.6423254609107971,0.5920355518658956,0.7247662544250488,0.614851176738739,0.8482202291488647,0.01293659396469593,0.014411760494112968,0.05027379281818867,0.0708853155374527
TCGA-BR-8058-01A,0.039245936243484415,0.05816153436899185,0.4061146080493927,0.7306063771247864,0.3434904795140028,0.6472034454345703,0.014724374748766422,0.015060693956911564,0.04230491630733013,0.05551527813076973
TCGA-F1-6874-01A,0.05697470127294461,0.08554181456565857,0.45767972866694134,0.6918943524360657,0.39556557685136795,0.4684135317802429,0.01619129441678524,0.018368452787399292,0.03774092439562082,0.04895300045609474
TCGA-BR-8487-01A,0.19665232487022877,0.7154229879379272,0.8380283117294312,0.916289210319519,0.7907753586769104,0.8839854001998901,0.01608487218618393,0.01616174727678299,0.04617571458220482,0.05891983583569527
TCGA-VQ-A91W-01A,0.04020617933322986,0.06756696105003357,0.6115750273068746,0.7509872317314148,0.572458416223526,0.7477788329124451,0.011659450829029083,0.01272525917738676,0.04686480574309826,0.0634678453207016
TCGA-HF-7134-01A,0.06672361306846142,0.17275525629520416,0.7584364811579386,0.8401179909706116,0.6058898642659187,0.7934158444404602,0.016586409881711006,0.019764594733715057,0.046166726388037205,0.06160316243767738
TCGA-MX-A666-01A,0.03297295747324824,0.046154312789440155,0.6098114351431528,0.8867453932762146,0.33884627744555473,0.4473685026168823,0.028604389168322086,0.036216143518686295,0.03662962466478348,0.04883600398898125
TCGA-CD-8525-01A,0.0388833397688965,0.05638180300593376,0.6036243637402853,0.7960345149040222,0.3204415552318096,0.3941066861152649,0.015396900940686464,0.020108239725232124,0.045342907309532166,0.05917106196284294
TCGA-VQ-AA6F-01A,0.04295124144603809,0.07277510315179825,0.48310603698094684,0.7431844472885132,0.22795150335878134,0.38765519857406616,0.012053404003381729,0.012564342468976974,0.04542600177228451,0.05841849371790886
TCGA-BR-8371-01A,0.035744384241600834,0.06323865801095963,0.5019847949345907,0.7909712791442871,0.3187998440116644,0.6997293829917908,0.287604883313179,0.329198956489563,0.04261623043566942,0.05580935627222061
TCGA-HU-8238-01A,0.04900429490953684,0.11077030748128891,0.7331253290176392,0.8127766251564026,0.41988280415534973,0.5164922475814819,0.011766290757805109,0.013183080591261387,0.056307828053832054,0.08159752190113068
TCGA-IN-7808-01A,0.04861198893437783,0.08038044720888138,0.5997511545817057,0.7246028184890747,0.40319257974624634,0.575891375541687,0.4254060238599777,0.4541225731372833,0.05684469826519489,0.0753994733095169
TCGA-BR-7197-01A,0.040270415134727955,0.05837927758693695,0.7087197403113047,0.8958129286766052,0.36890946328639984,0.79196697473526,0.014692823402583599,0.017492378130555153,0.0537616740912199,0.06822320818901062
TCGA-HF-7136-01A,0.040876333291331925,0.055278901010751724,0.6192426346242428,0.9412850141525269,0.34668154269456863,0.653168797492981,0.01407873397693038,0.016194159165024757,0.05675105843693018,0.08572931587696075
TCGA-VQ-A8PP-01A,0.5603893746932348,0.660888671875,0.6687454779942831,0.7183369994163513,0.5378447286784649,0.800818681716919,0.012194053269922733,0.012863208539783955,0.042282926850020885,0.05604273080825806
TCGA-VQ-A94U-01A,0.1238044813896219,0.5090276002883911,0.7399937113126119,0.9360324144363403,0.6055852398276329,0.8787990212440491,0.026440308429300785,0.02726905047893524,0.04328462667763233,0.05587557703256607
TCGA-VQ-AA6I-01A,0.03830463687578837,0.05315465107560158,0.7186455527941386,0.8488165736198425,0.4018826335668564,0.7292059063911438,0.37212832272052765,0.4201532006263733,0.05030093155801296,0.06992694735527039
TCGA-HU-A4GN-01A,0.533972755074501,0.7390667796134949,0.6942460238933563,0.7793519496917725,0.5303860083222389,0.7377896904945374,0.012255748268216848,0.0166119746863842,0.0375637412071228,0.0375637412071228
TCGA-BR-6566-11A,0.04054670920595527,0.060310497879981995,0.5234174033006033,0.840798556804657,0.27735932171344757,0.6780500411987305,0.013667883817106485,0.014005852863192558,0.04283538833260536,0.053129397332668304
TCGA-BR-7959-01A,0.03680777549743652,0.0569179505109787,0.6846978863080343,0.8146643042564392,0.3508179113268852,0.4866369068622589,0.013108873274177313,0.015273181721568108,0.041927704587578773,0.05211130902171135
TCGA-BR-8372-01A,0.629815141359965,0.8344679474830627,0.7737963795661926,0.8241003155708313,0.7694613486528397,0.8832463622093201,0.5020241290330887,0.5183870196342468,0.049710992723703384,0.06564921885728836
TCGA-VQ-AA6J-01A,0.04725494980812073,0.09442068636417389,0.624210387468338,0.7873042821884155,0.35202453285455704,0.47033998370170593,0.2616761699318886,0.3004890978336334,0.05000976286828518,0.06795226037502289
TCGA-BR-8296-01A,0.044523411275198065,0.08401557058095932,0.5750489433606466,0.8018479347229004,0.426008015871048,0.619093120098114,0.04588111862540245,0.07329624891281128,0.05210981145501137,0.07247825711965561
TCGA-BR-8366-01A,0.04750087593371669,0.11837109923362732,0.6202549338340759,0.7285881042480469,0.4812551587820053,0.7856607437133789,0.21218711510300636,0.4040835201740265,0.046286432072520256,0.06030353531241417
TCGA-VQ-A94P-01A,0.04134055941055218,0.06121694669127464,0.415836105744044,0.7821996212005615,0.34177409671247005,0.7040219902992249,0.010694907512515783,0.011220389045774937,0.05418529361486435,0.07060020416975021
TCGA-RD-A8MV-01A,0.03897405213986834,0.06717779487371445,0.4501887112855911,0.6678641438484192,0.2916569449007511,0.43620994687080383,0.016156598925590515,0.019968021661043167,0.057965558022260666,0.06841638684272766
TCGA-HF-A5NB-01A,0.8144265313943228,0.9528963565826416,0.9105106592178345,0.9759834408760071,0.8236733078956604,0.9645556807518005,0.47188422083854675,0.493107408285141,0.037302687764167786,0.04788878187537193
TCGA-CG-5728-01A,0.38084075450897215,0.47240757942199707,0.5460033019383749,0.6643542051315308,0.3347563147544861,0.4401664137840271,0.016533168964087963,0.01688886620104313,0.07358615845441818,0.1002572700381279
TCGA-VQ-A8E3-01A,0.5982715139786402,0.7784014344215393,0.6786731481552124,0.7353387475013733,0.5621293596923351,0.8474948406219482,0.011823834385722876,0.012985733337700367,0.0425280574709177,0.05845284089446068
TCGA-VQ-A8P3-01A,0.04209643043577671,0.06080381199717522,0.6929585337638855,0.8163943886756897,0.627214714884758,0.7878587245941162,0.015223377384245396,0.01579814776778221,0.057889144867658615,0.0708431527018547
TCGA-CD-8536-01A,0.47520014146963757,0.5142776966094971,0.6133017043272654,0.7854260802268982,0.445560697466135,0.8473227620124817,0.012262492440640926,0.014195399358868599,0.06006533093750477,0.08875756710767746
TCGA-BR-8368-01A,0.6645883023738861,0.8147104382514954,0.7769076426823934,0.8519352674484253,0.5139940679073334,0.8723198175430298,0.44397175312042236,0.46627137064933777,0.05082239769399166,0.06559725105762482
TCGA-BR-8077-01A,0.03631605471794804,0.054116141051054,0.7357778946558634,0.9053710699081421,0.46817423962056637,0.7724674940109253,0.014030760154128075,0.016555339097976685,0.06185254640877247,0.08935000002384186
TCGA-VQ-AA69-01A,0.03948659263551235,0.04984484240412712,0.8144522905349731,0.8773301839828491,0.8230194747447968,0.9553738832473755,0.1153427055105567,0.21298810839653015,0.04409588500857353,0.05971340835094452
TCGA-BR-7703-01A,0.5468980620304743,0.6149770617485046,0.7048603892326355,0.8146002292633057,0.5766031518578529,0.8075491786003113,0.5201504975557327,0.5413046479225159,0.03748088423162699,0.0437651090323925
TCGA-IN-A6RP-01A,0.04844734507302443,0.12695015966892242,0.7155871788660685,0.7797545790672302,0.5245383083820343,0.7718278169631958,0.38758908212184906,0.4693363606929779,0.05406459979712963,0.06911185383796692
TCGA-VQ-A91X-01A,0.0362979012231032,0.059926487505435944,0.7669475277264913,0.9192314743995667,0.5883944258093834,0.8599310517311096,0.012763500679284334,0.013590707443654537,0.05059737525880337,0.06695220619440079
TCGA-D7-A6F2-01A,0.03693155416597923,0.07231689244508743,0.61737193663915,0.8405547142028809,0.553523626178503,0.9015154838562012,0.014078843407332897,0.01661505177617073,0.033619034104049206,0.04370587319135666
TCGA-BR-A4CQ-01A,0.03125685602426529,0.04065790772438049,0.8645237386226654,0.9821111559867859,0.4803186406691869,0.6214045286178589,0.5436009466648102,0.5484841465950012,0.040603894740343094,0.040603894740343094
TCGA-VQ-A8P2-01A,0.8114154040813446,0.9255135655403137,0.8760716915130615,0.9419811367988586,0.8156719356775284,0.9399867653846741,0.6504687368869781,0.6524360179901123,0.04368027299642563,0.04829110577702522
TCGA-KB-A6F5-01A,0.04602471925318241,0.11355032026767731,0.3885536293188731,0.7561801671981812,0.29957489972002804,0.6804208159446716,0.01206596614792943,0.014118334278464317,0.07931084930896759,0.12047851085662842
TCGA-HU-A4G2-01A,0.03047542329877615,0.055050406605005264,0.7778960665067037,0.8590545058250427,0.5874236300587654,0.9015127420425415,0.013910498935729265,0.019523020833730698,0.06387051939964294,0.09027654677629471
TCGA-D7-A4YY-01A,0.6366940637429556,0.7660214900970459,0.8445562124252319,0.9311600923538208,0.7548042386770248,0.9606844186782837,0.43913017213344574,0.5085560083389282,0.040901608765125275,0.040901608765125275
TCGA-BR-7704-01A,0.04113779682666063,0.054617978632450104,0.7573415040969849,0.826850175857544,0.5140250697731972,0.6780278086662292,0.01478521665558219,0.01610250398516655,0.055954085662961006,0.07428078353404999
TCGA-BR-8676-01A,0.039634108232955136,0.05686980113387108,0.6465871930122375,0.7492856979370117,0.5146546587347984,0.6866414546966553,0.024936910718679428,0.025594277307391167,0.04547264985740185,0.057877834886312485
TCGA-RD-A8N5-01A,0.036447858748336635,0.05244151130318642,0.5126437246799469,0.6720069050788879,0.26166941970586777,0.3224416673183441,0.2618391215801239,0.2789475917816162,0.05951138585805893,0.07509630918502808
TCGA-HU-8602-01A,0.5294333398342133,0.568934977054596,0.589188814163208,0.6462342739105225,0.4353082478046417,0.590161144733429,0.0282683577388525,0.03707924485206604,0.044962906278669834,0.059936266392469406
TCGA-HF-7133-01A,0.041750009171664715,0.05669911950826645,0.5371467297275861,0.843285083770752,0.37991251051425934,0.5209188461303711,0.014961413107812405,0.018206579610705376,0.03906383737921715,0.050465743988752365
TCGA-VQ-A91N-01A,0.0682006028170387,0.14121383428573608,0.6964872181415558,0.8533166646957397,0.5922844558954239,0.8326650857925415,0.013245120644569397,0.014757547527551651,0.0682277511805296,0.09749910235404968
TCGA-RD-A8NB-01A,0.2802930747469266,0.3737044632434845,0.5048831899960836,0.6299686431884766,0.30254772305488586,0.5326817631721497,0.30214594304561615,0.3645555078983307,0.03936750069260597,0.04544218257069588
TCGA-VQ-A925-01A,0.04541673883795738,0.07379689067602158,0.5443922306100527,0.8370121717453003,0.36642143316566944,0.6412065029144287,0.011906246654689312,0.012250980362296104,0.04385803081095219,0.055821582674980164
TCGA-FP-8210-01A,0.040450428457309805,0.06049437075853348,0.45895954966545105,0.711864709854126,0.28763629868626595,0.5603887438774109,0.01279581943526864,0.014628022909164429,0.05640960857272148,0.08182697743177414
TCGA-D7-8578-01A,0.03968683583661914,0.05305727943778038,0.5771604080994924,0.8412811756134033,0.43093281611800194,0.8581750988960266,0.012283204589039087,0.013752437196671963,0.038855317048728466,0.04731355234980583
TCGA-VQ-A8E7-01B,0.04111912070463101,0.0795900821685791,0.6701299846172333,0.7976797223091125,0.4313511997461319,0.4393896758556366,0.010721549857407808,0.011488371528685093,0.044474340043962,0.05853216350078583
TCGA-CD-5801-01A,0.052126786982019745,0.11984614282846451,0.6352034409840902,0.7299736142158508,0.5572963804006577,0.8457728624343872,0.02021059300750494,0.023007964715361595,0.06497645750641823,0.08633280545473099
TCGA-VQ-AA6D-01A,0.6489356557528178,0.8472864031791687,0.6166334723432859,0.9020785093307495,0.3379750559106469,0.7070098519325256,0.012353772763162851,0.013623391278088093,0.06573559157550335,0.0946778878569603
TCGA-D7-6822-01A,0.04465522927542528,0.0655680000782013,0.7469514012336731,0.7938710451126099,0.33822157606482506,0.6939429640769958,0.015068253502249718,0.017741914838552475,0.04359251447021961,0.0554606169462204
TCGA-RD-A7BT-01A,0.04589123434076706,0.08739599585533142,0.5025552461544672,0.8724278211593628,0.4914476176102956,0.8173798322677612,0.012544343248009682,0.01422058790922165,0.06781746074557304,0.09903977811336517
TCGA-VQ-A8PC-01A,0.04083557768414418,0.05460426211357117,0.5180244942506155,0.6897872686386108,0.31005747988820076,0.49333348870277405,0.013297087047249079,0.014918634667992592,0.04059256799519062,0.048327527940273285
TCGA-BR-8363-01A,0.30043238898118335,0.41188210248947144,0.6290642023086548,0.6907733082771301,0.4063403308391571,0.7023699283599854,0.38603581488132477,0.4166865050792694,0.0448410976678133,0.05708892643451691
TCGA-CD-5800-01A,0.04002018682658672,0.06626077741384506,0.5706196924050649,0.7889156937599182,0.328803613781929,0.4235627353191376,0.014607337303459644,0.016779670491814613,0.06059888377785683,0.08445554226636887
TCGA-CG-5722-01A,0.06391728048523267,0.116779625415802,0.520350863536199,0.6986606121063232,0.5342822521924973,0.7660976052284241,0.3712375611066818,0.389804869890213,0.09345507435500622,0.13925810158252716
TCGA-HU-A4H0-01A,0.02920900173485279,0.043968986719846725,0.772071897983551,0.8399638533592224,0.670678399503231,0.920042097568512,0.23736892361193895,0.4492591619491577,0.033049024641513824,0.033049024641513824
TCGA-HU-A4HB-01A,0.05388699695467949,0.13197603821754456,0.6118801534175873,0.8251636028289795,0.40288013219833374,0.7246757745742798,0.01733841747045517,0.02256152406334877,0.036257289350032806,0.036257289350032806
TCGA-D7-A4Z0-01A,0.10956512279808521,0.43786489963531494,0.6547947227954865,0.7122544646263123,0.39625759795308113,0.5779182314872742,0.0135964285582304,0.016314394772052765,0.04005015268921852,0.04005015268921852
TCGA-CD-8533-01A,0.03717286527777711,0.06618145853281021,0.8623130718866984,0.9610550999641418,0.604197334498167,0.7748918533325195,0.01091272896155715,0.012450121343135834,0.056150334887206554,0.0856369361281395
TCGA-CD-8530-01A,0.091081694389383,0.3275734782218933,0.5679871340592703,0.7208729386329651,0.27575042098760605,0.3898356854915619,0.01271157618612051,0.014938564039766788,0.06553371623158455,0.09821783751249313
TCGA-IN-8462-01A,0.03635293338447809,0.059423867613077164,0.7308211723963419,0.8499501347541809,0.4425550177693367,0.4944493770599365,0.012882089242339134,0.01419892068952322,0.039070066064596176,0.0443517304956913
TCGA-VQ-A8PX-01A,0.04582003348817428,0.07511387765407562,0.35632406920194626,0.6990230083465576,0.24831059202551842,0.3891635239124298,0.010838440153747797,0.011479566805064678,0.05124769173562527,0.0703451856970787
TCGA-VQ-A8PH-01A,0.040007244485119976,0.053369902074337006,0.6552233099937439,0.8161705732345581,0.36348700150847435,0.6233356595039368,0.014868495520204306,0.01616624929010868,0.056355634704232216,0.07639908045530319
TCGA-CD-5813-01A,0.054281056548158325,0.09066998213529587,0.6375295619169871,0.7656576037406921,0.4500626213848591,0.683310329914093,0.020617026835680008,0.022208571434020996,0.061563922092318535,0.07438784837722778
TCGA-HU-A4H4-01A,0.4802088638146718,0.6783984303474426,0.6589133441448212,0.7178550958633423,0.3992777783423662,0.6980356574058533,0.013893724884837866,0.01744888350367546,0.0865244073793292,0.14182442426681519
TCGA-KB-A6F7-01A,0.04580699124683937,0.1090959757566452,0.40619756778081256,0.736095666885376,0.41683439910411835,0.47736844420433044,0.014238341245800257,0.017438311129808426,0.06259509548544884,0.0798921138048172
TCGA-D7-A6EX-01A,0.038557907255987324,0.05846177414059639,0.8666667143503824,0.9611248970031738,0.43384936824440956,0.7873269319534302,0.01002070028334856,0.011680704541504383,0.04702776484191418,0.06166912987828255
TCGA-CD-8528-01A,0.5177023162444433,0.623769998550415,0.6582452257474264,0.7914249897003174,0.5703593865036964,0.7241472005844116,0.013992071617394686,0.014800019562244415,0.07522107288241386,0.1168731302022934
TCGA-D7-6518-01A,0.0380317106222113,0.05129021406173706,0.5432188908259074,0.7671949863433838,0.35542405024170876,0.48170778155326843,0.27289214730262756,0.32967013120651245,0.04956694692373276,0.06863754242658615
TCGA-RD-A7C1-01A,0.0445771940673391,0.10856278985738754,0.6669622957706451,0.7468060255050659,0.38576852281888324,0.5518354177474976,0.0136917675845325,0.016423886641860008,0.09268094599246979,0.12357436120510101
TCGA-RD-A8MW-01A,0.043115945222477116,0.08038980513811111,0.36606576293706894,0.7546960115432739,0.3738791421055794,0.7104334831237793,0.015541157685220242,0.015585038810968399,0.059286294505000114,0.07407490164041519
TCGA-VQ-A8PT-01A,0.6745293935139974,0.8566211462020874,0.7877717812856039,0.8745297789573669,0.7496835440397263,0.9087135195732117,0.6059805750846863,0.6284899711608887,0.040723386220633984,0.05305416136980057
TCGA-KB-A93G-01A,0.03941817923138539,0.05038847029209137,0.45121826728185016,0.6360364556312561,0.21775535307824612,0.2726823687553406,0.29051631689071655,0.32497864961624146,0.043215660378336906,0.05390460416674614
TCGA-D7-6525-01A,0.037529414830108486,0.05205940082669258,0.7049164970715841,0.8288210034370422,0.4416900649666786,0.5927988886833191,0.4884287714958191,0.5047883987426758,0.03150539193302393,0.03755590692162514
TCGA-HU-A4G9-01A,0.7963926295439402,0.9085490107536316,0.8296596805254618,0.8844438791275024,0.8371884673833847,0.9316650629043579,0.015556938480585814,0.01567963697016239,0.05208077095448971,0.06447546184062958
TCGA-BR-7722-01A,0.0392407833908995,0.051645439118146896,0.4633895407120387,0.8558246493339539,0.5988085269927979,0.7144739031791687,0.013556774705648422,0.01509771030396223,0.05420481041073799,0.07868245244026184
TCGA-VQ-AA6K-01A,0.048592147727807365,0.11219394952058792,0.621318648258845,0.8380180597305298,0.2908567003905773,0.38486379384994507,0.013682653196156025,0.014083237387239933,0.062098514288663864,0.08710121363401413
TCGA-FP-A4BE-01A,0.10624366657187541,0.41197049617767334,0.6343053778012594,0.782828688621521,0.5995429307222366,0.7031954526901245,0.01607806934043765,0.018568580970168114,0.058104073628783226,0.08220188319683075
TCGA-CD-8524-01A,0.035219670894245304,0.05275489389896393,0.6906615495681763,0.7975586652755737,0.4111633859574795,0.7246155142784119,0.014963384717702866,0.017598535865545273,0.060304976999759674,0.08311797678470612
TCGA-D7-6815-01A,0.06442556126664083,0.1551574319601059,0.559422085682551,0.9121650457382202,0.3325534360483289,0.6448675394058228,0.014445135835558176,0.01520004216581583,0.038511427119374275,0.0529567115008831
TCGA-RD-A8N9-01A,0.03847992420196533,0.06476049870252609,0.4547710840900739,0.7764055132865906,0.42223135381937027,0.7156791090965271,0.012871358543634415,0.01327498909085989,0.04290086030960083,0.05407164245843887
TCGA-CD-5803-01A,0.062190950537721314,0.09654150158166885,0.4163831224044164,0.6391937136650085,0.3569647818803787,0.7865360379219055,0.01792585477232933,0.018180295825004578,0.04538126848638058,0.05091973394155502
TCGA-BR-8291-01A,0.03745567798614502,0.062224723398685455,0.4818955784042676,0.7776736617088318,0.28396359644830227,0.5299702286720276,0.013886959757655859,0.017455222085118294,0.05942571721971035,0.08562973141670227
TCGA-VQ-A8E2-01A,0.036402455531060696,0.05441954731941223,0.5455469091733297,0.8690671920776367,0.37433554604649544,0.48574304580688477,0.013200989458709955,0.014676802791655064,0.04420869052410126,0.055835332721471786
TCGA-SW-A7EA-01A,0.5678405861059824,0.7173941731452942,0.7319198052088419,0.8159862756729126,0.5353531166911125,0.7277434468269348,0.01353832334280014,0.013792566955089569,0.04598578065633774,0.05156639963388443
TCGA-BR-8297-01A,0.040753048534194626,0.08069960027933121,0.5369753539562225,0.8636260628700256,0.46166594326496124,0.8186769485473633,0.053007716313004494,0.08387081325054169,0.04785732179880142,0.05928824469447136
TCGA-HU-A4G3-01A,0.04853652076174816,0.07398354262113571,0.5621019204457601,0.8237773776054382,0.4909752979874611,0.6018385291099548,0.35226963460445404,0.40161803364753723,0.05157960765063763,0.06927399337291718
TCGA-D7-5578-01A,0.04501759521663189,0.05479297414422035,0.7272170583407084,0.8261507153511047,0.5842592865228653,0.8151889443397522,0.017366135492920876,0.017814451828598976,0.08611409552395344,0.12090200930833817
TCGA-VQ-A91A-01A,0.042504712318380676,0.049307066947221756,0.6363621354103088,0.7913662791252136,0.3150285370647907,0.4838692247867584,0.013608700130134821,0.015119456686079502,0.04622934479266405,0.06582624465227127
TCGA-FP-A9TM-01A,0.04094563859204451,0.07586519420146942,0.6331360141436259,0.7578797936439514,0.317310427625974,0.4067411422729492,0.4610220640897751,0.4846617579460144,0.047746237367391586,0.05804716423153877
TCGA-FP-7829-01A,0.14574310866494974,0.6265843510627747,0.7994975248972574,0.8835974335670471,0.5561949033290148,0.8609253764152527,0.6016774475574493,0.6177689433097839,0.05351020023226738,0.07243569940328598
TCGA-D7-A4YU-01A,0.08882107120007277,0.35476154088974,0.7243868112564087,0.8043584227561951,0.502318724989891,0.6037717461585999,0.012412758776918054,0.017029598355293274,0.03730277344584465,0.03730277344584465
TCGA-HU-8243-01A,0.03413605301951369,0.043325524777173996,0.5696248809496561,0.8123562335968018,0.5005492269992828,0.6709342002868652,0.014697703998535872,0.017936985939741135,0.04967210814356804,0.06789055466651917
TCGA-B7-5818-01A,0.09323336587597926,0.33422306180000305,0.7327721317609152,0.7944005727767944,0.6391440033912659,0.790928304195404,0.025805683806538582,0.035209570080041885,0.040587566792964935,0.04902267083525658
TCGA-IN-A6RI-01A,0.052293588096896805,0.13775484263896942,0.4010319411754608,0.7377430200576782,0.3591632880270481,0.7338329553604126,0.41463862359523773,0.5068818926811218,0.06805620342493057,0.08646158128976822
TCGA-VQ-A8DZ-01A,0.04024323013921579,0.06159542500972748,0.6264620621999105,0.8344626426696777,0.22286393120884895,0.38876184821128845,0.02630036510527134,0.033492110669612885,0.047674667090177536,0.06207292899489403
TCGA-BR-8486-01A,0.04146895961215099,0.058660753071308136,0.6231573869784673,0.8638222217559814,0.4841315522789955,0.8315266966819763,0.070896802470088,0.09837617725133896,0.04736257530748844,0.06178576499223709
TCGA-VQ-A94O-01A,0.045459470711648464,0.06919899582862854,0.7990826567014059,0.8898999094963074,0.5449289306998253,0.8543387651443481,0.011672673746943474,0.012762640602886677,0.043972414918243885,0.058554571121931076
TCGA-CD-8529-01A,0.04006109215940038,0.08433955162763596,0.5978242754936218,0.7787500619888306,0.30862294137477875,0.3901119828224182,0.011747566517442465,0.012845453806221485,0.054583143442869186,0.08124534040689468
TCGA-HU-A4GQ-01A,0.5712918788194656,0.7752990126609802,0.7969393134117126,0.904747486114502,0.665217861533165,0.880272388458252,0.018441835418343544,0.021400844678282738,0.047104980796575546,0.047104980796575546
TCGA-FP-A4BF-01A,0.03970316300789515,0.05579247698187828,0.6727166175842285,0.7180238366127014,0.4533884674310684,0.523144543170929,0.015284724067896605,0.01817154884338379,0.05075189284980297,0.07021509110927582
TCGA-BR-A4PD-01A,0.04094922014822563,0.1193079724907875,0.7259079615275065,0.8428472280502319,0.40958078764379025,0.6932089328765869,0.022370534017682076,0.025077035650610924,0.06193537637591362,0.09601421654224396
TCGA-VQ-A8PQ-01A,0.03639408604552349,0.059220846742391586,0.38870732734600705,0.6429598331451416,0.23401320353150368,0.5050203204154968,0.012240250129252672,0.013316513039171696,0.055765651166439056,0.07587580382823944
TCGA-BR-8081-01A,0.4562794069449107,0.5423139929771423,0.6084437767664591,0.73142009973526,0.5091393142938614,0.7118713855743408,0.01353157451376319,0.016100335866212845,0.04167286213487387,0.05312589555978775
TCGA-D7-A6EY-01A,0.4046070526043574,0.4766979515552521,0.6332749923070272,0.7634203433990479,0.3295092098414898,0.5785055756568909,0.30242475867271423,0.36016666889190674,0.04584486596286297,0.05743176117539406
TCGA-B7-A5TJ-01A,0.5756336152553558,0.610611081123352,0.8190223177274069,0.9140350818634033,0.5497247315943241,0.8745858073234558,0.5176123082637787,0.5189990401268005,0.048701273277401924,0.06408736109733582
TCGA-VQ-A91D-01A,0.03942247852683067,0.05929698795080185,0.7389052510261536,0.7960866093635559,0.6825437992811203,0.7472691535949707,0.012055886909365654,0.01313125342130661,0.04661403317004442,0.06261447072029114
TCGA-BR-A4J8-01A,0.031037360802292822,0.04586729779839516,0.6943845748901367,0.9333329796791077,0.5685415491461754,0.7311117053031921,0.02018121024593711,0.02633170410990715,0.03789551556110382,0.03789551556110382
TCGA-IN-AB1V-01A,0.04555783855418364,0.056024592369794846,0.5144598906238874,0.8180078864097595,0.32933278754353523,0.6824730634689331,0.4577917158603668,0.49059879779815674,0.04319196566939354,0.05322745442390442
TCGA-BR-A4QI-01A,0.02401291225105524,0.041745077818632126,0.77446448802948,0.8712786436080933,0.5417009145021439,0.736234724521637,0.014226451050490141,0.01889658160507679,0.07280359230935574,0.11365291476249695
TCGA-BR-A4J6-01A,0.025625422410666943,0.048907287418842316,0.6179265528917313,0.9369321465492249,0.32894150416056317,0.45687010884284973,0.012243886478245258,0.015585656277835369,0.03427751362323761,0.03427751362323761
TCGA-RD-A8N6-01A,0.03885641507804394,0.07518234103918076,0.642010065416495,0.9693276286125183,0.4530910365283489,0.6771888732910156,0.015057701617479324,0.016610942780971527,0.04415817931294441,0.05264974385499954
TCGA-RD-A8N1-01A,0.04253635027756294,0.07965647429227829,0.4803174138069153,0.7162940502166748,0.24658931605517864,0.5445046424865723,0.018068045377731323,0.019574766978621483,0.0524645559489727,0.06574858725070953
TCGA-RD-A7BW-01A,0.0496487303947409,0.1188916489481926,0.406851876527071,0.7094562649726868,0.3532719388604164,0.8567396998405457,0.07252552546560764,0.09804987162351608,0.0681565459817648,0.07968100905418396
TCGA-D7-6818-01A,0.053049370956917606,0.09939781576395035,0.47779613733291626,0.7023730874061584,0.26438665576279163,0.5271177887916565,0.016544836573302746,0.017973586916923523,0.05259694345295429,0.07049292325973511
TCGA-CG-5726-01A,0.6847129762172699,0.825491726398468,0.8267042438189188,0.9629209637641907,0.7925792038440704,0.9051340818405151,0.017556200735270977,0.017584921792149544,0.03677235171198845,0.03677235171198845
TCGA-IN-A7NR-01A,0.04069334454834461,0.0609714537858963,0.5947120289007822,0.8066033124923706,0.30555251985788345,0.6980446577072144,0.015202391427010298,0.016407674178481102,0.051312850788235664,0.05795783922076225
TCGA-HU-8610-01A,0.03677167557179928,0.05727856978774071,0.5415869156519572,0.7024656534194946,0.35948600620031357,0.4637943208217621,0.015752543695271015,0.020041001960635185,0.04982331208884716,0.06654597073793411
TCGA-BR-6566-01A,0.4254050801197688,0.4661697447299957,0.6454486052195231,0.6882601976394653,0.4866441562771797,0.6386582851409912,0.01498698489740491,0.016016850247979164,0.050826722756028175,0.07070598751306534
TCGA-EQ-8122-01A,0.03643250993142525,0.06001654267311096,0.6034805066883564,0.9103359580039978,0.4108948465436697,0.6986870765686035,0.01222493639215827,0.013130126520991325,0.035513488575816154,0.04144589975476265
TCGA-CD-5798-01A,0.05479926957438389,0.11424163728952408,0.5385381182034811,0.7961053848266602,0.29231390170753,0.6034484505653381,0.3558393716812134,0.3825576901435852,0.06408651918172836,0.08855931460857391
TCGA-CG-5716-01A,0.052416094889243446,0.10275714844465256,0.5059962769349416,0.7665600776672363,0.3840630538761616,0.6546826362609863,0.015873259864747524,0.0176885724067688,0.04822370223701,0.06233369559049606
TCGA-VQ-A8PY-01A,0.04143605629603068,0.05707961693406105,0.5199356079101562,0.7888168692588806,0.39028831012547016,0.7120444178581238,0.45268529653549194,0.4878869950771332,0.04464673716574907,0.06070546805858612
TCGA-HU-A4GY-01A,0.09829949556539457,0.31285548210144043,0.5558767219384512,0.712272047996521,0.4158893898129463,0.6265774369239807,0.013623076491057873,0.014562703669071198,0.06040496379137039,0.07034432142972946
TCGA-VQ-A94R-01A,0.03935190476477146,0.06166341155767441,0.7548292676607767,0.8435521125793457,0.5669776052236557,0.882330060005188,0.011716356500983238,0.01227215863764286,0.04681188985705376,0.058766014873981476
TCGA-BR-6803-01A,0.044281480833888054,0.05484902113676071,0.4848570426305135,0.7536933422088623,0.26560650765895844,0.6156876683235168,0.01505030132830143,0.017403539270162582,0.04444734752178192,0.053276702761650085
TCGA-RD-A8N4-01A,0.033364866860210896,0.061134614050388336,0.44504357874393463,0.863074004650116,0.27166445553302765,0.6722879409790039,0.01325811818242073,0.013411452062427998,0.05067410133779049,0.06316417455673218
TCGA-HF-7132-01A,0.39551371335983276,0.4430859088897705,0.6140464345614115,0.7698502540588379,0.49024251103401184,0.6064631938934326,0.38254794478416443,0.4208190143108368,0.04699317831546068,0.06331656873226166
TCGA-BR-8483-01A,0.038186078891158104,0.05063854530453682,0.8482588529586792,0.9585807919502258,0.5984910503029823,0.9383489489555359,0.018884694669395685,0.022359412163496017,0.0465515311807394,0.059675704687833786
TCGA-HJ-7597-01A,0.05416017336150011,0.11514472216367722,0.5019283220171928,0.7096332907676697,0.20539806922897696,0.5159397125244141,0.019333151169121265,0.02015548013150692,0.05656157247722149,0.0680818185210228
TCGA-BR-A4J4-01A,0.023817281052470208,0.036519605666399,0.69947749376297,0.7651074528694153,0.5523393601179123,0.7957441806793213,0.3875645399093628,0.4304565191268921,0.060704379342496395,0.09289693087339401
TCGA-BR-8680-01A,0.11092162535836299,0.4609512984752655,0.802115797996521,0.8884953260421753,0.5368297435343266,0.875209391117096,0.4822845309972763,0.5031713843345642,0.043764050118625164,0.056592907756567
TCGA-D7-8570-01A,0.03428545345862707,0.0530753917992115,0.5917721390724182,0.6721757054328918,0.46766397356987,0.7784772515296936,0.013614317402243614,0.016404060646891594,0.04572203941643238,0.05610944703221321
TCGA-BR-7716-01A,0.04389288059125344,0.07224325835704803,0.42974404493967694,0.7018837928771973,0.33150243759155273,0.5532256960868835,0.012368625961244106,0.013306280598044395,0.050033265724778175,0.06953075528144836
TCGA-VQ-A8PD-01A,0.04642636515200138,0.07612938433885574,0.5247797071933746,0.6257532835006714,0.3014760911464691,0.48567885160446167,0.012990106362849474,0.013705275021493435,0.04900031164288521,0.06520319730043411
TCGA-RD-A7BS-01A,0.04250703317423662,0.08780716359615326,0.4631688892841339,0.7692027688026428,0.28298645094037056,0.6661126613616943,0.4807630330324173,0.49655184149742126,0.06743019632995129,0.08436217904090881
TCGA-BR-8690-01A,0.03982919951279958,0.051073770970106125,0.6747629443804423,0.7634426355361938,0.40397001057863235,0.48523133993148804,0.4781917482614517,0.4816850423812866,0.05459531024098396,0.07055503875017166
TCGA-BR-A4IU-01A,0.04341544657945633,0.08280497044324875,0.685379296541214,0.8623840808868408,0.3776450343430042,0.7217384576797485,0.017803261056542397,0.019324446097016335,0.04999854043126106,0.04999854043126106
TCGA-BR-8686-01A,0.03557445202022791,0.05446524918079376,0.6457134286562601,0.7831928730010986,0.4699011892080307,0.8058214783668518,0.2992764860391617,0.3320264220237732,0.04391554743051529,0.05433006212115288
TCGA-CD-A4MJ-01A,0.6715568204720815,0.8709315657615662,0.7845869362354279,0.8764047026634216,0.7136931717395782,0.8917557597160339,0.011622580233961344,0.014002443291246891,0.046975964680314064,0.0609128400683403
TCGA-HU-A4H3-01A,0.6795478065808614,0.8356013894081116,0.7835581600666046,0.8728823661804199,0.6009113689263662,0.8246709108352661,0.014561837539076805,0.018746284767985344,0.04585931450128555,0.04585931450128555
TCGA-CG-4441-01A,0.09923545395334561,0.3623974025249481,0.5816666632890701,0.7737279534339905,0.341020201643308,0.48222625255584717,0.3900383412837982,0.41605183482170105,0.07610467821359634,0.11236213892698288
TCGA-BR-6852-01A,0.38792454202969867,0.4493742287158966,0.5693764090538025,0.6500937342643738,0.46979140490293503,0.6840090751647949,0.015144538599997759,0.01772536337375641,0.04516222886741161,0.0504143126308918
TCGA-VQ-AA6B-01A,0.03929837420582771,0.06770009547472,0.7005146940549215,0.9424534440040588,0.702519066631794,0.9208605885505676,0.011501786764711142,0.012240168638527393,0.07308949530124664,0.10888875275850296
TCGA-BR-6458-01A,0.039205650643755995,0.05453330650925636,0.6497669219970703,0.7616122961044312,0.3134749084711075,0.47468847036361694,0.012026206590235233,0.013466132804751396,0.04730025492608547,0.06133539229631424
TCGA-FP-8631-01A,0.04677450036009153,0.06755156069993973,0.6246721471349398,0.9710773825645447,0.34300797805190086,0.6476238965988159,0.016958979424089193,0.01850101910531521,0.07467164844274521,0.11160851269960403
TCGA-CG-5724-01A,0.05284511918822924,0.08248992264270782,0.7018106977144877,0.8003117442131042,0.3064756765961647,0.525631844997406,0.5523471534252167,0.5533127784729004,0.04822312481701374,0.059737831354141235
TCGA-ZA-A8F6-01A,0.03664955341567596,0.05764134228229523,0.552216092745463,0.840853750705719,0.36663442105054855,0.7630103230476379,0.015355534851551056,0.016515247523784637,0.04480571299791336,0.04904225841164589
TCGA-CG-5723-01A,0.058263217409451805,0.12981495261192322,0.5421135624249777,0.6975386738777161,0.3610799064238866,0.49938806891441345,0.016844723373651505,0.017134295776486397,0.04692280665040016,0.04692280665040016
TCGA-BR-8361-01A,0.5915141403675079,0.7387186288833618,0.6147569417953491,0.8368903994560242,0.5603411048650742,0.7053526639938354,0.01347414031624794,0.015827832743525505,0.05698699876666069,0.07948754727840424
TCGA-D7-A4YX-01A,0.025839912332594396,0.04919274151325226,0.7324507832527161,0.7941211462020874,0.520540039986372,0.8171553015708923,0.011998666450381279,0.015149720944464207,0.045129235833883286,0.045129235833883286
TCGA-BR-6564-01A,0.03658034993956486,0.05759022384881973,0.44072995831569034,0.7771892547607422,0.36386333405971527,0.7756174802780151,0.011513334233313799,0.011614453978836536,0.04862918611615896,0.07012633234262466
TCGA-BR-A4PE-01A,0.09246986396610737,0.36087262630462646,0.7554311752319336,0.8536980152130127,0.5155943632125854,0.7285116314888,0.5954534709453583,0.6267414093017578,0.05628506653010845,0.08542359620332718
TCGA-CD-8532-01A,0.03688810020685196,0.05995924025774002,0.5500449041525522,0.7757666110992432,0.40424682945013046,0.8210673928260803,0.014215151779353619,0.017438160255551338,0.04758800286799669,0.06726477295160294
TCGA-BR-A4IV-01A,0.0319615975022316,0.04660293832421303,0.6065976023674011,0.8196855187416077,0.2784287594258785,0.6697337627410889,0.014787544962018728,0.0177164226770401,0.04476384073495865,0.04476384073495865
TCGA-HU-8608-01A,0.035623631440103054,0.056760139763355255,0.6135860085487366,0.7044488787651062,0.47830723971128464,0.7143773436546326,0.0134588279761374,0.015223843976855278,0.040801022201776505,0.0544055737555027
TCGA-D7-6527-01A,0.06642280084391435,0.2013668715953827,0.4444127529859543,0.8564503192901611,0.43598747812211514,0.7676388025283813,0.013918067794293165,0.01563390903174877,0.04277760349214077,0.05556481331586838
TCGA-FP-7998-01A,0.04393546190112829,0.061535295099020004,0.5886426965395609,0.6558638215065002,0.40860288590192795,0.7500637173652649,0.01818284671753645,0.01902749389410019,0.047097197733819485,0.06497379392385483
TCGA-VQ-A8PE-01A,0.056147064392765365,0.09291592985391617,0.6145702799161276,0.8662703037261963,0.5004101544618607,0.7819370627403259,0.012341040652245283,0.01336588989943266,0.057302651926875114,0.07963934540748596
TCGA-VQ-A8PM-01A,0.037111169969042145,0.054937805980443954,0.46103831628958386,0.7957929968833923,0.3304668739438057,0.5627806186676025,0.011339144315570593,0.011416913941502571,0.05288423225283623,0.0736476480960846
TCGA-VQ-A8PK-01A,0.10813631086299817,0.4191249907016754,0.5406911671161652,0.857867956161499,0.3392205759882927,0.5772936940193176,0.01120728300884366,0.01236672792583704,0.04350568354129791,0.056613825261592865
TCGA-HF-7131-01A,0.0454689251879851,0.0773749053478241,0.5364739795525869,0.759846031665802,0.27233413234353065,0.44069287180900574,0.015785573050379753,0.018660662695765495,0.046728504821658134,0.060621146112680435
TCGA-BR-6452-11A,0.03744708032657703,0.06379196792840958,0.5471857388814291,0.7691671252250671,0.4085666537284851,0.7262112498283386,0.243919238448143,0.2789279520511627,0.04291856475174427,0.05747557058930397
TCGA-BR-8373-01A,0.40625469634930295,0.5071780681610107,0.7901420990626017,0.8596962094306946,0.3785038869827986,0.6683712601661682,0.01235239952802658,0.014885365962982178,0.04068584926426411,0.05007445439696312
TCGA-CG-5717-01A,0.06794833019375801,0.15904486179351807,0.6348684728145599,0.7761083841323853,0.25900032619635266,0.5557963848114014,0.2840070128440857,0.3161313831806183,0.07269744761288166,0.10379675775766373
TCGA-D7-A6F0-01A,0.43624018629391986,0.5451350212097168,0.6148522098859152,0.9201048016548157,0.36719171330332756,0.671462893486023,0.011129643768072128,0.012377232313156128,0.03660184144973755,0.04506704583764076
TCGA-BR-8588-01A,0.09482123299191396,0.32923004031181335,0.5430817703406016,0.6522185802459717,0.4655023515224457,0.6681479215621948,0.3626377582550049,0.4160764217376709,0.04606470838189125,0.05841268599033356
TCGA-VQ-A8DT-01A,0.1420553450783094,0.4123597741127014,0.7553514639536539,0.8287102580070496,0.6473002235094706,0.7838137745857239,0.2773960530757904,0.29275402426719666,0.06360439769923687,0.07623165100812912
TCGA-VQ-AA6G-01A,0.03582058443377415,0.056651968508958817,0.7594482103983561,0.8418933153152466,0.48049086332321167,0.7085785865783691,0.12200916558504105,0.2058432251214981,0.050645334646105766,0.06856188178062439
TCGA-BR-8295-01A,0.037730136110136904,0.06709645688533783,0.3908168350656827,0.9411579966545105,0.27065855357795954,0.8274621367454529,0.011859753169119358,0.013365675695240498,0.0514573585242033,0.06629398465156555
TCGA-IN-7806-01A,0.037567771039903164,0.05850263312458992,0.6908537447452545,0.9104979634284973,0.5501067191362381,0.6483641266822815,0.49573637545108795,0.4999258816242218,0.04841124825179577,0.060560308396816254
TCGA-VQ-A92D-01A,0.042480441741645336,0.07481744140386581,0.7713023622830709,0.8599799871444702,0.6755878527959188,0.8904832005500793,0.013795336242765188,0.01403916534036398,0.05556471832096577,0.07587723433971405
TCGA-HU-A4GH-01A,0.11445068536947171,0.46073681116104126,0.6695525000492731,0.9323288798332214,0.30517699383199215,0.5694517493247986,0.0172775792889297,0.01934787817299366,0.04473689291626215,0.06071910262107849
TCGA-BR-8284-01A,0.036615174263715744,0.055808402597904205,0.5985027750333151,0.7201042175292969,0.5429476946592331,0.8312548995018005,0.014499833807349205,0.017203181982040405,0.0462039690464735,0.05991007760167122
TCGA-R5-A7ZF-01A,0.0419514092306296,0.061350125819444656,0.6088960568110148,0.6524731516838074,0.200447928160429,0.29628226161003113,0.014388011302798986,0.01455242931842804,0.05815378949046135,0.0717640370130539
TCGA-MX-A663-01A,0.03598699330662688,0.06576000899076462,0.44543546189864475,0.8223640322685242,0.3477381579577923,0.5073864459991455,0.012639319524168968,0.013819747604429722,0.04868531972169876,0.06450686603784561
TCGA-VQ-A91V-01A,0.049509141283730664,0.09347595274448395,0.8117759029070536,0.9049578905105591,0.4112518858164549,0.7898185849189758,0.5752348899841309,0.5964807271957397,0.04820086248219013,0.06368696689605713
TCGA-VQ-A91Y-01A,0.03760215422759453,0.0677289217710495,0.4088523214062055,0.8012199997901917,0.3001115210354328,0.8057537078857422,0.009596796240657568,0.010493945330381393,0.051186805590987206,0.07431367039680481
TCGA-VQ-A8PZ-01A,0.04681112446511785,0.07299638539552689,0.5889037052790324,0.7842832207679749,0.43473828583955765,0.839643657207489,0.38115014135837555,0.4002191722393036,0.041849417611956596,0.052308350801467896
TCGA-BR-8678-01A,0.045195028806726135,0.06907149404287338,0.7440059582392374,0.9444360733032227,0.45071399211883545,0.8984389305114746,0.014876503497362137,0.01720466837286949,0.040919266641139984,0.047968655824661255
TCGA-BR-6709-01A,0.06547558959573507,0.1763501912355423,0.5078713993231455,0.6398856043815613,0.3149671442806721,0.6180492639541626,0.03138787858188152,0.04667937383055687,0.03762434143573046,0.044253379106521606
TCGA-CD-5802-01A,0.05043430030345917,0.07009720802307129,0.5708822806676229,0.8360941410064697,0.35433117548624676,0.49942123889923096,0.014523455873131752,0.015465855598449707,0.04451784864068031,0.04451784864068031
TCGA-D7-8579-01A,0.040454412810504436,0.07263800501823425,0.5677132507165273,0.7170563340187073,0.34673229046165943,0.6835057735443115,0.017048700246959925,0.021490110084414482,0.05271248705685139,0.06338075548410416
TCGA-D7-8573-01A,0.03267349395900965,0.04764904826879501,0.7204281687736511,0.7782766222953796,0.5061061307787895,0.8080006837844849,0.014575890731066465,0.019069219008088112,0.03346795681864023,0.04119139909744263
TCGA-BR-8677-01A,0.03636817385752996,0.05687236040830612,0.4563270260890325,0.7140745520591736,0.33710012026131153,0.682259738445282,0.015493595972657204,0.01805366389453411,0.044092741794884205,0.058834582567214966
TCGA-CD-A4MH-01A,0.468315052986145,0.5107259154319763,0.5618432983756065,0.9026811718940735,0.41716999001801014,0.8608293533325195,0.021261954214423895,0.03011631779372692,0.044582340866327286,0.044582340866327286
TCGA-BR-7901-01A,0.10563847422599792,0.34977588057518005,0.6033991475900015,0.8983199596405029,0.32410844415426254,0.4404046833515167,0.014039529021829367,0.016099773347377777,0.047929547727108,0.05934431776404381
TCGA-CG-5733-01A,0.5102592209974924,0.6407594084739685,0.5269366999467214,0.7102541923522949,0.5108006745576859,0.6827875375747681,0.01875694002956152,0.020467691123485565,0.05978728085756302,0.07884351909160614
TCGA-VQ-A8DU-01A,0.03644309286028147,0.0624106302857399,0.6086644430955251,0.9027169346809387,0.39598197489976883,0.7518548965454102,0.015047844033688307,0.015084373764693737,0.0652974396944046,0.08824597299098969
TCGA-D7-6521-01A,0.04077530838549137,0.05826866626739502,0.585975577433904,0.7105022668838501,0.28688187524676323,0.42088213562965393,0.015022595878690481,0.01775764860212803,0.04450574330985546,0.06312455981969833
TCGA-BR-6707-01A,0.0417974175264438,0.059865836054086685,0.6492008169492086,0.745185375213623,0.5556507259607315,0.8444896936416626,0.0790564464405179,0.13921234011650085,0.04097801260650158,0.05096274986863136
TCGA-MX-A5UG-01A,0.04903328325599432,0.11723894625902176,0.5179917514324188,0.7509825229644775,0.296499140560627,0.6430377960205078,0.014122696593403816,0.016980193555355072,0.05136347468942404,0.07489654421806335
TCGA-IN-A7NT-01A,0.041781713254749775,0.05946897342801094,0.7341334422429403,0.8440018892288208,0.28352266922593117,0.4087681770324707,0.33441340923309326,0.3507765531539917,0.05726969987154007,0.07942356914281845
TCGA-HU-8249-01A,0.04144234644869963,0.06712348759174347,0.8072614073753357,0.9141373634338379,0.6904589384794235,0.9355725049972534,0.012572955805808306,0.013163452968001366,0.05083955358713865,0.07243569195270538
TCGA-HU-A4H6-01A,0.2770086914300919,0.37834858894348145,0.7280334532260895,0.8466948866844177,0.4207865819334984,0.6607675552368164,0.01292611425742507,0.017200525850057602,0.03657238185405731,0.03657238185405731
TCGA-CD-A4MI-01A,0.38274131417274476,0.4596722424030304,0.6812723577022552,0.7736645340919495,0.4884258806705475,0.7661242485046387,0.014726053457707167,0.02075355499982834,0.04950261861085892,0.04950261861085892
TCGA-D7-8572-01A,0.04232095337162415,0.060896310955286026,0.6248540878295898,0.7617360353469849,0.3689924627542496,0.779872715473175,0.015102076809853315,0.015521685592830181,0.04263150505721569,0.05475794896483421
TCGA-CG-5732-01A,0.056735113635659216,0.08636018633842468,0.44924942155679065,0.8459180593490601,0.38249388337135315,0.7792066931724548,0.035593042615801096,0.05643649771809578,0.04985080659389496,0.04985080659389496
TCGA-CG-5730-01A,0.06291699099044006,0.10329271852970123,0.8532653649648031,0.9453142881393433,0.5291052560011545,0.7034626603126526,0.01985786110162735,0.02139938995242119,0.0807347223162651,0.11524377763271332
TCGA-ZQ-A9CR-01A,0.05834137431035439,0.10949181020259857,0.5213841994603475,0.7594376802444458,0.3885226746400197,0.676551342010498,0.39610476791858673,0.4310622811317444,0.05134517140686512,0.07242865860462189
TCGA-CD-8531-01A,0.038228864315897226,0.07565832138061523,0.8136774102846781,0.9031811356544495,0.6450605913996696,0.8944759964942932,0.3524124175310135,0.3603370785713196,0.05292736738920212,0.07159880548715591
TCGA-SW-A7EB-01A,0.04392357046405474,0.07052197307348251,0.40919096022844315,0.8218339681625366,0.4179392506678899,0.772730827331543,0.01709097670391202,0.019909359514713287,0.05869011767208576,0.07153164595365524
TCGA-BR-8370-01A,0.03865712430949012,0.06368742883205414,0.7086750070254008,0.7794346809387207,0.6362155079841614,0.884249746799469,0.42739616334438324,0.45975780487060547,0.049552056938409805,0.06561951339244843
TCGA-R5-A805-01A,0.037427229496339955,0.052833255380392075,0.6424679358800253,0.670504093170166,0.22979250053564707,0.3537527024745941,0.37566719949245453,0.38065996766090393,0.044430581852793694,0.0548383928835392
TCGA-BR-6563-01A,0.04779776154706875,0.0690377950668335,0.607729842265447,0.8239476084709167,0.3794073238968849,0.6551229953765869,0.013390111271291971,0.016240952536463737,0.05086971540004015,0.0713030993938446
TCGA-VQ-A8PS-01A,0.039636047556996346,0.05263758450746536,0.6488638321558634,0.8966623544692993,0.41024262830615044,0.5977914929389954,0.01051340065896511,0.011170219630002975,0.04078754037618637,0.05530684068799019
TCGA-BR-6706-01A,0.04258941579610109,0.05418810993432999,0.5187689661979675,0.6679224371910095,0.3534078784286976,0.7064760327339172,0.07367607206106186,0.1047818511724472,0.04252721183001995,0.05301489308476448
TCGA-D7-6526-01A,0.03858094972868761,0.055006593465805054,0.6036663949489594,0.9193171858787537,0.3657856173813343,0.5940319299697876,0.014606943354010582,0.017121950164437294,0.04101465176790953,0.05634745955467224
TCGA-BR-A4CS-01A,0.04276397358626127,0.08034957945346832,0.7323832114537557,0.8549638390541077,0.36118409037590027,0.6306955814361572,0.013537509366869926,0.01626092940568924,0.0524159986525774,0.0712737962603569
TCGA-CG-5718-01A,0.05633533683915933,0.0986751914024353,0.5468994577725729,0.7601484656333923,0.40419774254163104,0.5542555451393127,0.020313679240643978,0.02138543128967285,0.0635151956230402,0.08623696118593216
TCGA-FP-8211-01A,0.045933923218399286,0.08048349618911743,0.550845647851626,0.7865740060806274,0.6076208055019379,0.6902032494544983,0.014098617248237133,0.014809846878051758,0.7743685841560364,0.8376731872558594
TCGA-CD-A489-01A,0.04274392190078894,0.0678410530090332,0.6977205475171407,0.8532528281211853,0.3606218583881855,0.5571228265762329,0.014014010783284903,0.014768940396606922,0.04335434176027775,0.0539831779897213
TCGA-VQ-A8PB-01A,0.5671652555465698,0.7618269920349121,0.6781277259190878,0.7171403169631958,0.4843311235308647,0.6239593625068665,0.013242262415587902,0.014311334118247032,0.04706095717847347,0.060305748134851456
TCGA-D7-A4YT-01A,0.028396467491984368,0.03639326989650726,0.5024392083287239,0.9467595815658569,0.3299410566687584,0.6768714785575867,0.013402373529970646,0.0171059537678957,0.04921926185488701,0.04921926185488701
TCGA-3M-AB47-01A,0.03878325906892618,0.06768614053726196,0.6058969696362814,0.7397006750106812,0.5054887384176254,0.7915908098220825,0.46471281349658966,0.49578428268432617,0.05425294488668442,0.07617312669754028
TCGA-D7-A4YV-01A,0.5286689748366674,0.7164614200592041,0.6901411414146423,0.7538447380065918,0.46736787259578705,0.6415659785270691,0.46069420874118805,0.4749091863632202,0.07226391788572073,0.11461221426725388
TCGA-R5-A7O7-01A,0.03215809911489487,0.04542132094502449,0.5564522296190262,0.6139751076698303,0.21974368145068487,0.3157167434692383,0.010872138664126396,0.01325204223394394,0.04168638214468956,0.04168638214468956
TCGA-VQ-A91S-01A,0.08870151406154037,0.3303726315498352,0.6997389197349548,0.7858800292015076,0.5305405855178833,0.8270620703697205,0.011694606393575668,0.01217583566904068,0.05374276824295521,0.07505577802658081
TCGA-BR-A4J5-01A,0.046745572704821825,0.14369621872901917,0.6551275849342346,0.7939220666885376,0.3591932989656925,0.6120388507843018,0.014137919060885906,0.018372684717178345,0.07068472728133202,0.10508791357278824
TCGA-F1-A448-01A,0.4810992479324341,0.563517153263092,0.6168877085049947,0.7017809748649597,0.48152902722358704,0.6054295897483826,0.20164068415760994,0.3272106945514679,0.05078321322798729,0.0661865845322609
TCGA-VQ-A928-01A,0.060547069335977234,0.15938769280910492,0.6794626613457998,0.7875202894210815,0.4261377491056919,0.8113025426864624,0.3467937558889389,0.3478424549102783,0.04757330659776926,0.06419786065816879
TCGA-BR-A44T-01A,0.036300330267598234,0.06034443527460098,0.4443574696779251,0.7271915078163147,0.2552517242729664,0.4963213801383972,0.11622385680675507,0.1420959085226059,0.06920772232115269,0.07708289474248886
TCGA-BR-6455-01A,0.04159270537396272,0.056372251361608505,0.7342077692349752,0.8339889645576477,0.5068953596055508,0.8971779942512512,0.5111126005649567,0.529963493347168,0.04644830711185932,0.056557416915893555
TCGA-IN-A6RJ-01A,0.029794825799763204,0.0410335473716259,0.6046070456504822,0.7581669092178345,0.31190543870131177,0.5195029973983765,0.3982177674770355,0.3985195755958557,0.09108385257422924,0.13606223464012146
TCGA-BR-8682-01A,0.04230071107546488,0.060556281358003616,0.5425018469492594,0.8486589789390564,0.558649405837059,0.6596639156341553,0.015557499136775732,0.01845945604145527,0.05048617534339428,0.0639648362994194
TCGA-MX-A5UJ-01A,0.5064122875531515,0.6432099342346191,0.704190731048584,0.8671069145202637,0.5070704519748688,0.7673786282539368,0.19056937098503113,0.2542248070240021,0.06733469106256962,0.09122900664806366
TCGA-BR-7958-01A,0.03211779426783323,0.04669586941599846,0.6204110383987427,0.7050537467002869,0.4135245643556118,0.5742949843406677,0.025043101981282234,0.02965388260781765,0.04857647232711315,0.057944416999816895
TCGA-VQ-A927-01A,0.04062318025777737,0.05783668905496597,0.5443211595217387,0.7419539093971252,0.27353449538350105,0.6240867376327515,0.0314197251573205,0.03861836716532707,0.05583567917346954,0.08026346564292908
TCGA-D7-8575-01A,0.03713825795178612,0.05814984068274498,0.6249840507904688,0.8729777932167053,0.3234013095498085,0.5460098385810852,0.013989230152219534,0.01696421578526497,0.05497748963534832,0.07758068293333054
TCGA-IN-AB1X-01A,0.04438780962179104,0.07219390571117401,0.38228357148667175,0.5887224674224854,0.4408750931421916,0.7018476724624634,0.01723447907716036,0.01962442509829998,0.055528126657009125,0.07515774667263031
TCGA-VQ-A94T-01A,0.04798514395952225,0.07304297387599945,0.6902172366778055,0.8863822817802429,0.43421415239572525,0.6484665274620056,0.013381753116846085,0.01423874031752348,0.04618801176548004,0.06407081335783005
TCGA-BR-4183-11A,0.0168656837195158,0.024715116247534752,0.2947334349155426,0.2947334349155426,0.12970739603042603,0.12970739603042603,0.24035073816776276,0.24438978731632233,0.035316974855959415,0.05514189973473549
TCGA-BR-4362-11A,0.019496031415959198,0.028834326192736626,0.5906336903572083,0.5906336903572083,0.28824567794799805,0.28824567794799805,0.34986624121665955,0.35514384508132935,0.03707937244325876,0.05425913631916046
TCGA-BR-4191-01A,0.027961894869804382,0.04128647968173027,0.11398522555828094,0.11398522555828094,0.4913729131221771,0.4913729131221771,0.01566885132342577,0.018643392249941826,0.038029659539461136,0.05706039071083069
TCGA-BR-4294-11A,0.023379427070418995,0.031233837828040123,0.48657113313674927,0.48657113313674927,0.1793481558561325,0.1793481558561325,0.03646479267627001,0.052025455981492996,0.03945351392030716,0.05943283438682556
TCGA-BR-4257-01A,0.5318746566772461,0.6267563700675964,0.6979121565818787,0.6979121565818787,0.642082691192627,0.642082691192627,0.012979645282030106,0.013770795427262783,0.06027280166745186,0.09898293763399124
TCGA-VQ-A8PU-01A,0.04358676262199879,0.0570329986512661,0.6841941972573599,0.8406575322151184,0.2729073688387871,0.40510720014572144,0.011213899590075016,0.011875159107148647,0.042522892355918884,0.05440789833664894
TCGA-BR-4279-01A,0.1475535954038302,0.3963072896003723,0.535476565361023,0.535476565361023,0.11547468602657318,0.11547468602657318,0.014330512378364801,0.015547827817499638,0.0393511513248086,0.053761232644319534
TCGA-CG-4477-01A,0.02383655620117982,0.03797035291790962,0.07260368764400482,0.07260368764400482,0.10089590400457382,0.10089590400457382,0.013970448169857264,0.014049272052943707,0.03228164464235306,0.04487635940313339
TCGA-CG-4474-01A,0.26983509461085003,0.3720887303352356,0.6601151823997498,0.6601151823997498,0.5424542427062988,0.5424542427062988,0.013160571455955505,0.014396335929632187,0.0371427359059453,0.056117232888936996
TCGA-BR-4292-11A,0.023629185433189075,0.02885441482067108,0.28097403049468994,0.28097403049468994,0.10803443938493729,0.10803443938493729,0.023928345181047916,0.024902107194066048,0.0391849372535944,0.06016501784324646
TCGA-BR-4371-11A,0.03377084371944269,0.04620591178536415,0.5141493082046509,0.5141493082046509,0.2976550757884979,0.2976550757884979,0.3319840431213379,0.3470994234085083,0.047333793714642525,0.0718173086643219
TCGA-CG-5725-01A,0.05566243392725786,0.08053363859653473,0.773903508981069,0.9754118919372559,0.7045848369598389,0.7045848369598389,0.016316826455295086,0.016823574900627136,0.04968193545937538,0.06250129640102386
TCGA-CG-4305-01A,0.38154269258181256,0.4235202372074127,0.6885097026824951,0.6885097026824951,0.24434101581573486,0.24434101581573486,0.26558370888233185,0.26811349391937256,0.03676571696996689,0.05477285757660866
TCGA-BR-4187-01A,0.019905134414633114,0.02752569690346718,0.26935574412345886,0.26935574412345886,0.14840182662010193,0.14840182662010193,0.07831093296408653,0.11901570856571198,0.03591813612729311,0.05494622886180878
TCGA-BR-4366-01A,0.25475436355918646,0.7216038703918457,0.03078703209757805,0.03078703209757805,0.8224400877952576,0.8224400877952576,0.013302966021001339,0.016331639140844345,0.04812282230705023,0.0731208473443985
TCGA-BR-4370-01A,0.27118228872617084,0.46271994709968567,0.6533055305480957,0.6533055305480957,0.24874582886695862,0.24874582886695862,0.015852941665798426,0.02322348952293396,0.04013235308229923,0.061599407345056534
TCGA-CG-4436-01A,0.05108476523309946,0.1109207347035408,0.5311538577079773,0.5311538577079773,0.7019996047019958,0.7019996047019958,0.012315208557993174,0.013169013895094395,0.0296111055649817,0.04475042223930359
TCGA-CG-4442-01A,0.6675530870755514,0.7511977553367615,0.8111772537231445,0.8111772537231445,0.40682825446128845,0.40682825446128845,0.010054419748485088,0.010153300128877163,0.030284084379673004,0.04285170137882233
TCGA-CG-4449-01A,0.018153709049026173,0.023672766983509064,0.02060186304152012,0.02060186304152012,0.5081037282943726,0.5081037282943726,0.05202427878975868,0.07093688100576401,0.054731194861233234,0.09167207032442093
TCGA-BR-4253-11A,0.043799023454387985,0.0930335596203804,0.5271786451339722,0.5271786451339722,0.2715214788913727,0.2715214788913727,0.43026940524578094,0.43675652146339417,0.035587442107498646,0.05635683238506317
TCGA-BR-4257-11A,0.020758680999279022,0.027535339817404747,0.3776188790798187,0.3776188790798187,0.11429452151060104,0.11429452151060104,0.014341065660119057,0.015628475695848465,0.03588419174775481,0.05628082528710365
TCGA-BR-4183-01A,0.02413936114559571,0.040769729763269424,0.6640023589134216,0.6640023589134216,0.13888578116893768,0.13888578116893768,0.12147784978151321,0.15000081062316895,0.04503501579165459,0.07042493671178818
TCGA-BR-4280-01A,0.7536444465319315,0.8350140452384949,0.31886374950408936,0.31886374950408936,0.8494172096252441,0.8494172096252441,0.04413920408114791,0.07484860718250275,0.03915059007704258,0.0582648403942585
TCGA-BR-4253-01A,0.021475962673624355,0.02702067233622074,0.6058173179626465,0.6058173179626465,0.455021470785141,0.455021470785141,0.14991461858153343,0.2213222086429596,0.03609427250921726,0.05340270698070526
TCGA-BR-4363-01A,0.04073529690504074,0.08342662453651428,0.09608758985996246,0.09608758985996246,0.29637959599494934,0.29637959599494934,0.01054460508748889,0.01099269837141037,0.05958710424602032,0.08020519465208054
TCGA-BR-4368-11A,0.01941831720372041,0.026583528146147728,0.4733949601650238,0.4733949601650238,0.1655784398317337,0.1655784398317337,0.021914245560765266,0.029761066660284996,0.03708021994680166,0.05570070818066597
TCGA-CG-4460-01A,0.018727199795345466,0.02877066098153591,0.021277420222759247,0.021277420222759247,0.7214052677154541,0.7214052677154541,0.0129899843595922,0.014172492548823357,0.029118956066668034,0.042539142072200775
TCGA-BR-4184-11A,0.020160926195482414,0.033031050115823746,0.40689364075660706,0.40689364075660706,0.11958374083042145,0.11958374083042145,0.011200179811567068,0.011569831520318985,0.04819550458341837,0.07859712094068527
TCGA-CG-4462-01A,0.01888645502428214,0.027665020897984505,0.5848650932312012,0.5848650932312012,0.22531113028526306,0.22531113028526306,0.03948513697832823,0.0537763275206089,0.03817118052393198,0.05094882473349571
TCGA-BR-4294-01A,0.02277106170852979,0.02990901842713356,0.08004819601774216,0.08004819601774216,0.09163523465394974,0.09163523465394974,0.014556360896676779,0.01653720624744892,0.05665697995573282,0.09215442836284637
TCGA-BR-4188-11A,0.019091832141081493,0.026807431131601334,0.1681220680475235,0.1681220680475235,0.07252894341945648,0.07252894341945648,0.06286507286131382,0.09911144524812698,0.031460314989089966,0.0471060685813427
TCGA-BR-4267-11A,0.02421419819196065,0.028452914208173752,0.504083514213562,0.504083514213562,0.2677891254425049,0.2677891254425049,0.2478138580918312,0.26323723793029785,0.039499242790043354,0.053421955555677414
TCGA-BR-4366-11A,0.021146802852551144,0.031729452311992645,0.37178099155426025,0.37178099155426025,0.10467969626188278,0.10467969626188278,0.0724701639264822,0.1209489181637764,0.050208485685288906,0.08081629872322083
TCGA-BR-4255-01A,0.07992048778881629,0.19379328191280365,0.5541191697120667,0.5541191697120667,0.20221391320228577,0.20221391320228577,0.016378462780267,0.020337598398327827,0.03572629392147064,0.05480612441897392
TCGA-CG-4440-01A,0.01956740797807773,0.026272514835000038,0.03312499076128006,0.03312499076128006,,,0.012746367137879133,0.013519210740923882,0.03473615273833275,0.04930545389652252
TCGA-R5-A7ZR-01A,0.04180237092077732,0.05318184196949005,0.6172689298788706,0.8211918473243713,0.5484444499015808,0.5484444499015808,0.6225510537624359,0.622795045375824,0.043610380962491035,0.05719202384352684
TCGA-BR-4370-11A,0.020978910227616627,0.03580718860030174,0.35711148381233215,0.35711148381233215,0.11742420494556427,0.11742420494556427,0.07472546398639679,0.08448327332735062,0.047534302808344364,0.07240033149719238
TCGA-CG-4475-01A,0.060668399867912136,0.13787175714969635,0.0173359252512455,0.0173359252512455,0.17735882103443146,0.17735882103443146,0.010180752724409103,0.011066440492868423,0.03502056282013655,0.05364113301038742
TCGA-CG-4304-01A,0.16324201971292496,0.44466060400009155,0.6042612195014954,0.6042612195014954,0.16150148212909698,0.16150148212909698,0.011007892899215221,0.011739838868379593,0.031041443347930908,0.04459044337272644
TCGA-BR-4369-01A,0.0207741716876626,0.030308296903967857,0.24539920687675476,0.24539920687675476,0.39234161376953125,0.39234161376953125,0.010788202285766602,0.012085647322237492,0.035411455668509007,0.05012848600745201
TCGA-CG-4301-01A,0.02142932079732418,0.03315228223800659,0.5570986270904541,0.5570986270904541,0.23184974491596222,0.23184974491596222,0.012735322583466768,0.015265288762748241,0.02790998388081789,0.0385720357298851
TCGA-BR-4184-01A,0.5974264542261759,0.6276838183403015,0.7250953316688538,0.7250953316688538,0.6436388492584229,0.6436388492584229,0.5280054807662964,0.5475046634674072,0.04215829446911812,0.06539815664291382
TCGA-BR-4371-01A,0.11428912201275428,0.27214309573173523,0.8612396717071533,0.8612396717071533,0.7675100564956665,0.7675100564956665,0.602259635925293,0.6123464107513428,0.045827630907297134,0.06513757258653641
TCGA-CG-4469-01A,0.019226337783038616,0.028090957552194595,0.7484999895095825,0.7484999895095825,0.5456992983818054,0.5456992983818054,0.009595680981874466,0.010653384029865265,0.027514621149748564,0.040601518005132675
TCGA-BR-4357-01A,0.020597723312675953,0.02737058699131012,0.1418520212173462,0.1418520212173462,0.5756849050521851,0.5756849050521851,0.01401858450844884,0.018806762993335724,0.028369843028485775,0.04010588675737381
TCGA-BR-4267-01A,0.021114880219101906,0.03099045716226101,0.6881843209266663,0.6881843209266663,0.8418671488761902,0.8418671488761902,0.011683209799230099,0.012352067977190018,0.03875481244176626,0.05877597630023956
TCGA-BR-4279-11A,0.01967664621770382,0.029253410175442696,0.4328141510486603,0.4328141510486603,0.13536043465137482,0.13536043465137482,0.08937599137425423,0.08951299637556076,0.03679127525538206,0.05499917268753052
TCGA-CG-4466-01A,0.024344753473997116,0.03961487486958504,0.8840514421463013,0.8840514421463013,0.8323544859886169,0.8323544859886169,0.012738868594169617,0.013660808093845844,0.030478661879897118,0.04495316743850708
TCGA-CG-4465-01A,0.6689217686653137,0.7355276942253113,0.7339474558830261,0.7339474558830261,0.2732495963573456,0.2732495963573456,0.009217607788741589,0.00927062425762415,0.036050137132406235,0.05342034250497818
TCGA-CG-4438-01A,0.02071954682469368,0.030635835602879524,0.029727870598435402,0.029727870598435402,,,0.01150478795170784,0.012044193223118782,0.023630136623978615,0.031510528177022934
TCGA-CG-4300-01A,0.02170836366713047,0.029391610994935036,0.628642201423645,0.628642201423645,0.6498163342475891,0.6498163342475891,0.011941350530833006,0.012052916921675205,0.04913244117051363,0.0693049505352974
TCGA-BR-4363-11A,0.019849189557135105,0.029543764889240265,0.35725581645965576,0.35725581645965576,0.14528074860572815,0.14528074860572815,0.054086169227957726,0.057790420949459076,0.03900212328881025,0.056533440947532654
TCGA-BR-4187-11A,0.019402325774232548,0.028841964900493622,0.3651702404022217,0.3651702404022217,0.09967908263206482,0.09967908263206482,0.20886468142271042,0.21886992454528809,0.03480030130594969,0.05313042178750038
TCGA-D7-A74A-01A,0.053123934815327324,0.11837315559387207,0.8335570693016052,0.9275036454200745,0.7545271515846252,0.7545271515846252,0.012106576468795538,0.015927055850625038,0.06407386250793934,0.08260637521743774
TCGA-BR-4292-01A,0.6979998747507731,0.7718420028686523,0.7581488490104675,0.7581488490104675,0.8327771425247192,0.8327771425247192,0.010688542388379574,0.011193523183465004,0.043571386486291885,0.06837405264377594
TCGA-CG-4444-01A,0.02238038678963979,0.03017442114651203,0.7569409608840942,0.7569409608840942,0.54706209897995,0.54706209897995,0.011431615799665451,0.011643953621387482,0.044834038242697716,0.06433466076850891
TCGA-BR-4361-11A,0.018076634034514427,0.0244460329413414,0.4380192458629608,0.4380192458629608,0.11950316280126572,0.11950316280126572,0.2954349219799042,0.3173680007457733,0.043489616364240646,0.0652046948671341
TCGA-CG-4306-01A,0.49108829100926715,0.5169577598571777,0.6906002163887024,0.6906002163887024,0.5738147497177124,0.5738147497177124,0.501295879483223,0.5120523571968079,0.032395207323133945,0.04164809361100197
TCGA-KB-A93J-01A,0.04436379764229059,0.09547735750675201,0.5508806606133779,0.7965883016586304,0.4453641176223755,0.4453641176223755,0.014623078517615795,0.016378745436668396,0.048230813816189766,0.0645485371351242
TCGA-BR-4201-01A,0.39832056562105816,0.4031582176685333,0.6440507769584656,0.6440507769584656,0.2571825087070465,0.2571825087070465,0.025779498741030693,0.033099811524152756,0.050765013322234154,0.08266288042068481
TCGA-VQ-A91Z-01A,0.14714352693408728,0.6620129942893982,0.5880937290688356,0.861351728439331,0.49036943912506104,0.49036943912506104,0.4266625791788101,0.47044891119003296,0.047195334918797016,0.06496530771255493
TCGA-BR-4255-11A,0.03588475783665975,0.06999164074659348,0.43876200914382935,0.43876200914382935,0.21988919377326965,0.21988919377326965,0.038420917466282845,0.05631716549396515,0.0309927212074399,0.04567466303706169
TCGA-BR-4280-11A,0.020960720255970955,0.028944429010152817,0.3485611081123352,0.3485611081123352,0.141826793551445,0.141826793551445,0.02069141808897257,0.030278686434030533,0.047019243240356445,0.07752352952957153
TCGA-CG-4476-01A,0.016393300145864487,0.02096826210618019,0.59088134765625,0.59088134765625,0.1660870611667633,0.1660870611667633,0.04199771769344807,0.056309908628463745,0.03992495685815811,0.05988594889640808
TCGA-BR-4256-11A,0.023025437568624813,0.03946815803647041,0.14203765988349915,0.14203765988349915,0.10995994508266449,0.10995994508266449,0.08457154035568237,0.10243143886327744,0.056938039138913155,0.09036388993263245
TCGA-CG-4455-01A,0.04871176928281784,0.09927435219287872,0.6371836066246033,0.6371836066246033,0.33107247948646545,0.33107247948646545,0.12090560235083103,0.21771244704723358,0.04701284784823656,0.06795917451381683
TCGA-BR-4201-11A,0.0188008410235246,0.028810709714889526,0.6095836758613586,0.6095836758613586,0.36171016097068787,0.36171016097068787,0.40779124200344086,0.43489158153533936,0.042614842765033245,0.06447817385196686
TCGA-BR-4256-01A,0.27802205085754395,0.3517831861972809,0.5732582807540894,0.5732582807540894,0.40646880865097046,0.40646880865097046,0.5054592192173004,0.5078847408294678,0.047651829198002815,0.07482430338859558
TCGA-BR-4191-11A,0.018740120033423107,0.025569332763552666,0.45972561836242676,0.45972561836242676,0.14004725217819214,0.14004725217819214,0.09143760055303574,0.10851383954286575,0.051995422691106796,0.08652478456497192
TCGA-CG-4443-01A,0.02011270821094513,0.033846136182546616,0.016611190512776375,0.016611190512776375,0.6168880462646484,0.6168880462646484,0.011560334358364344,0.01238635741174221,0.3863251358270645,0.48843297362327576
TCGA-VQ-A8PJ-01A,0.05015328216056029,0.10289032757282257,0.4876830379168193,0.9350034594535828,0.5430460572242737,0.5430460572242737,0.010784849990159273,0.012266132049262524,0.05927612446248531,0.08505319058895111
TCGA-BR-A4J1-01A,0.026627094112336637,0.0421784445643425,0.6562505811452866,0.9657326936721802,0.7050350904464722,0.7050350904464722,0.01139800064265728,0.014707738533616066,0.03461094945669174,0.03461094945669174
TCGA-BR-4361-01A,0.5836450258890787,0.6319411396980286,0.7550597786903381,0.7550597786903381,0.3543415665626526,0.3543415665626526,0.5069410502910614,0.5136189460754395,0.027579120360314846,0.03534501791000366
TCGA-BR-4369-11A,0.021787218749523163,0.034890029579401016,0.36286672949790955,0.36286672949790955,0.20250877737998962,0.20250877737998962,0.024832582101225853,0.02721514366567135,0.05913956556469202,0.09673725813627243
TCGA-F1-6875-01A,0.041677791314820446,0.06141406670212746,0.6544614533583323,0.9702631235122681,0.7123997807502747,0.7123997807502747,0.012612099293619394,0.01585729420185089,0.04288338217884302,0.0571666918694973
TCGA-D7-6519-01A,0.046280877043803535,0.07607164233922958,0.7547802527745565,0.91248619556427,0.5980600118637085,0.5980600118637085,0.6257432997226715,0.6522592902183533,0.04927473142743111,0.07120130211114883
TCGA-BR-4188-01A,0.02023096817235152,0.026424141600728035,0.6295854449272156,0.6295854449272156,0.36556476354599,0.36556476354599,0.011388484388589859,0.011433246545493603,0.03743462543934584,0.058327723294496536
TCGA-BR-4362-01A,0.4613465368747711,0.5137324333190918,0.6974319219589233,0.6974319219589233,0.3144861161708832,0.3144861161708832,0.016914362087845802,0.017088714987039566,0.03618570324033499,0.05277525633573532
TCGA-BR-4357-11A,0.01927024032920599,0.028289293870329857,0.43086379766464233,0.43086379766464233,0.1408291906118393,0.1408291906118393,0.041680701076984406,0.06371407210826874,0.0436200937256217,0.06411109119653702
TCGA-BR-4368-01A,0.5382544497648875,0.5803909301757812,0.6967398524284363,0.6967398524284363,0.3008805513381958,0.3008805513381958,0.013747939839959145,0.01794455759227276,0.03551953472197056,0.05043221265077591
